alpha,beta,negative_log_likelihood
0.05,0.05,208.88607311574128
0.05,0.06,206.9158289299577
0.05,0.07,205.01199020282436
0.05,0.08,203.1747605040978
0.05,0.09,201.4042863336279
0.05,0.1,199.700655912304
0.05,0.11,198.06389823184998
0.05,0.12,196.49398237490325
0.05,0.13,194.99081711388394
0.05,0.14,193.55425079405
0.05,0.15,192.18407150295062
0.05,0.16,190.88000752524542
0.05,0.17,189.64172807867197
0.05,0.18,188.46884432382788
0.05,0.19,187.3609106375042
0.05,0.2,186.31742613657678
0.05,0.21,185.33783643698968
0.05,0.22,184.42153563021478
0.05,0.23,183.56786845773442
0.05,0.24,182.77613266262685
0.05,0.25,182.04558149621872
0.05,0.26,181.37542635703778
0.05,0.27,180.76483953890602
0.05,0.28,180.21295706498495
0.05,0.29,179.71888158486368
0.05,0.3,179.2816853123629
0.05,0.31,178.9004129825595
0.05,0.32,178.57408480761603
0.05,0.33,178.30169941224034
0.05,0.34,178.08223673101804
0.05,0.35,177.91466085137853
0.05,0.36,177.79792278756128
0.05,0.37,177.7309631725894
0.05,0.38,177.71271485693427
0.05,0.39,177.7421054041931
0.05,0.4,177.81805947572855
0.05,0.41,177.93950109777617
0.05,0.42,178.10535580601154
0.05,0.43,178.3145526639712
0.05,0.44,178.5660261530271
0.05,0.45,178.85871793281092
0.05,0.46,179.191578472077
0.05,0.47,179.56356855097863
0.05,0.48,179.97366063659345
0.05,0.49,180.42084013430403
0.05,0.5,180.9041065182925
0.05,0.51,181.4224743449628
0.05,0.52,181.97497415356818
0.05,0.53,182.56065325869022
0.05,0.54,183.17857643950416
0.05,0.55,183.8278265309806
0.05,0.56,184.50750492231793
0.05,0.57,185.21673196798244
0.05,0.58,185.95464731676068
0.05,0.59,186.72041016421045
0.05,0.6,187.51319943383544
0.05,0.61,188.3322138922107
0.05,0.62,189.176672203156
0.05,0.63,190.04581292590836
0.05,0.64,190.9388944620625
0.05,0.65,191.8551949558686
0.05,0.66,192.7940121522658
0.05,0.67,193.75466321682887
0.05,0.68,194.73648452158125
0.05,0.69,195.73883140041627
0.05,0.7,196.76107787764107
0.05,0.71,197.80261637294788
0.05,0.72,198.86285738589402
0.05,0.73,199.94122916276748
0.05,0.74,201.03717734850557
0.05,0.75,202.1501646261395
0.05,0.76,203.27967034604035
0.05,0.77,204.42519014706863
0.05,0.78,205.58623557154127
0.05,0.79,206.76233367577962
0.05,0.8,207.95302663782638
0.05,0.81,209.1578713637872
0.05,0.82,210.37643909410394
0.05,0.83,211.60831501093202
0.05,0.84,212.85309784768344
0.05,0.85,214.11039950166887
0.05,0.86,215.37984465067512
0.05,0.87,216.66107037421185
0.05,0.88,217.95372578006675
0.05,0.89,219.25747163673265
0.05,0.9,220.5719800121826
0.05,0.91,221.89693391940435
0.05,0.92,223.2320269690338
0.05,0.93,224.5769630293781
0.05,0.94,225.9314558940511
0.05,0.95,227.29522895740513
0.05,0.96,228.6680148978955
0.05,0.97,230.04955536946622
0.05,0.98,231.43960070102608
0.05,0.99,232.8379096040303
0.05,1.0,234.24424888817487
0.06,0.05,206.95206935702842
0.06,0.06,204.6138652682025
0.06,0.07,202.34856093594263
0.06,0.08,200.15642579809017
0.06,0.09,198.03765851082497
0.06,0.1,195.9923854645119
0.06,0.11,194.02065966311184
0.06,0.12,192.1224599813654
0.06,0.13,190.29769080934838
0.06,0.14,188.54618208920056
0.06,0.15,186.867689743938
0.06,0.16,185.2618964933834
0.06,0.17,183.7284130475224
0.06,0.18,182.26677966308105
0.06,0.19,180.87646804496487
0.06,0.2,179.5568835704336
0.06,0.21,178.30736781062268
0.06,0.22,177.12720132127728
0.06,0.23,176.01560667240008
0.06,0.24,174.9717516849255
0.06,0.25,173.99475284153078
0.06,0.26,173.0836788382676
0.06,0.27,172.23755424380334
0.06,0.28,171.45536323366701
0.06,0.29,170.7360533679565
0.06,0.3,170.07853938240999
0.06,0.31,169.48170696452456
0.06,0.32,168.94441648845435
0.06,0.33,168.46550668467566
0.06,0.34,168.04379822279927
0.06,0.35,167.67809718840263
0.06,0.36,167.36719843726522
0.06,0.37,167.10988881290044
0.06,0.38,166.90495021572846
0.06,0.39,166.75116251458894
0.06,0.4,166.64730629354415
0.06,0.41,166.59216542901794
0.06,0.42,166.5845294942624
0.06,0.43,166.62319598992116
0.06,0.44,166.7069724010573
0.06,0.45,166.83467808243432
0.06,0.46,167.00514597509076
0.06,0.47,167.21722415831735
0.06,0.48,167.46977724205783
0.06,0.49,167.76168760551158
0.06,0.5,168.09185648831047
0.06,0.51,168.45920494113102
0.06,0.52,168.8626746429357
0.06,0.53,169.30122859228183
0.06,0.54,169.7738516802711
0.06,0.55,170.27955115276094
0.06,0.56,170.81735696942877
0.06,0.57,171.3863220671949
0.06,0.58,171.98552253534314
0.06,0.59,172.61405770950165
0.06,0.6,173.27105019139367
0.06,0.61,173.95564580101632
0.06,0.62,174.66701346760706
0.06,0.63,175.40434506545932
0.06,0.64,176.16685520032692
0.06,0.65,176.9537809518386
0.06,0.66,177.76438157700966
0.06,0.67,178.5979381796242
0.06,0.68,179.45375334992593
0.06,0.69,180.33115077875794
0.06,0.7,181.22947484996763
0.06,0.71,182.1480902146159
0.06,0.72,183.0863813502282
0.06,0.73,184.04375210806666
0.06,0.74,185.01962525113657
0.06,0.75,186.0134419853965
0.06,0.76,187.02466148641273
0.06,0.77,188.05276042347555
0.06,0.78,189.09723248299966
0.06,0.79,190.15758789283007
0.06,0.8,191.23335294890336
0.06,0.81,192.32406954555253
0.06,0.82,193.42929471058315
0.06,0.83,194.54860014611234
0.06,0.84,195.6815717760362
0.06,0.85,196.82780930086494
0.06,0.86,197.98692576055956
0.06,0.87,199.15854710590995
0.06,0.88,200.34231177889356
0.06,0.89,201.5378703023803
0.06,0.9,202.7448848794726
0.06,0.91,203.96302900270013
0.06,0.92,205.19198707323287
0.06,0.93,206.43145403021828
0.06,0.94,207.68113499030355
0.06,0.95,208.94074489735945
0.06,0.96,210.21000818237968
0.06,0.97,211.4886584335106
0.06,0.98,212.77643807611665
0.06,0.99,214.07309806277718
0.06,1.0,215.37839757308228
0.07,0.05,205.220894266948
0.07,0.06,202.55587274606026
0.07,0.07,199.97048337053764
0.07,0.08,197.46507980504654
0.07,0.09,195.03993052180675
0.07,0.1,192.69521703083402
0.07,0.11,190.431032590576
0.07,0.12,188.2473814155315
0.07,0.13,186.14417839079118
0.07,0.14,184.12124929658088
0.07,0.15,182.17833153898286
0.07,0.16,180.31507537623867
0.07,0.17,178.5310456235535
0.07,0.18,176.82572381329638
0.07,0.19,175.1985107820212
0.07,0.2,173.64872965098183
0.07,0.21,172.1756291628135
0.07,0.22,170.77838733389495
0.07,0.23,169.45611537961096
0.07,0.24,168.2078618682911
0.07,0.25,167.0326170590117
0.07,0.26,165.9293173786409
0.07,0.27,164.89684999443315
0.07,0.28,163.9340574400608
0.07,0.29,163.0397422551054
0.07,0.3,162.21267160064454
0.07,0.31,161.45158181653298
0.07,0.32,160.75518288923791
0.07,0.33,160.12216280249731
0.07,0.34,159.55119174659978
0.07,0.35,159.04092616561093
0.07,0.36,158.5900126253499
0.07,0.37,158.1970914882851
0.07,0.38,157.86080038472318
0.07,0.39,157.57977747267216
0.07,0.4,157.35266448153547
0.07,0.41,157.1781095373312
0.07,0.42,157.0547697694007
0.07,0.43,156.98131370059272
0.07,0.44,156.95642342465132
0.07,0.45,156.97879657605156
0.07,0.46,157.0471480987752
0.07,0.47,157.16021182155507
0.07,0.48,157.31674184793243
0.07,0.49,157.5155137701034
0.07,0.5,157.75532571596986
0.07,0.51,158.03499923910516
0.07,0.52,158.35338006150045
0.07,0.53,158.7093386789799
0.07,0.54,159.1017708391073
0.07,0.55,159.52959790123552
0.07,0.56,159.99176708812408
0.07,0.57,160.48725163824764
0.07,0.58,161.01505086757885
0.07,0.59,161.57419014924858
0.07,0.6,162.16372081907983
0.07,0.61,162.78272001457213
0.07,0.62,163.43029045447102
0.07,0.63,164.1055601656278
0.07,0.64,164.80768216340974
0.07,0.65,165.5358340914926
0.07,0.66,166.28921782644466
0.07,0.67,167.06705905210256
0.07,0.68,167.86860680833954
0.07,0.69,168.6931330184538
0.07,0.7,169.53993199903917
0.07,0.71,170.40831995585708
0.07,0.72,171.29763446891164
0.07,0.73,172.20723396961495
0.07,0.74,173.13649721265574
0.07,0.75,174.0848227449083
0.07,0.76,175.05162837347964
0.07,0.77,176.03635063475573
0.07,0.78,177.03844426610155
0.07,0.79,178.0573816816695
0.07,0.8,179.09265245359276
0.07,0.81,180.1437627996733
0.07,0.82,181.21023507852902
0.07,0.83,182.29160729301736
0.07,0.84,183.38743260263593
0.07,0.85,184.4972788454861
0.07,0.86,185.62072807027502
0.07,0.87,186.7573760787513
0.07,0.88,187.90683197887708
0.07,0.89,189.06871774896578
0.07,0.9,190.24266781295358
0.07,0.91,191.42832862690562
0.07,0.92,192.62535827681086
0.07,0.93,193.8334260876704
0.07,0.94,195.05221224384246
0.07,0.95,196.2814074205741
0.07,0.96,197.52071242661162
0.07,0.97,198.7698378577672
0.07,0.98,200.0285037612802
0.07,0.99,201.29643931080048
0.07,1.0,202.57338249180964
0.08,0.05,203.6693531376188
0.08,0.06,200.71468255906666
0.08,0.07,197.84681103208024
0.08,0.08,195.06618291679422
0.08,0.09,192.37314167831158
0.08,0.1,189.7679278010067
0.08,0.11,187.2506773159099
0.08,0.12,184.82142095999595
0.08,0.13,182.48008397705428
0.08,0.14,180.22648656047508
0.08,0.15,178.06034492899335
0.08,0.16,175.9812730174366
0.08,0.17,173.9887847560553
0.08,0.18,172.08229690429084
0.08,0.19,170.26113239801495
0.08,0.2,168.52452416351375
0.08,0.21,166.8716193468735
0.08,0.22,165.3014839040081
0.08,0.23,163.81310749437137
0.08,0.24,162.40540862038358
0.08,0.25,161.077239954709
0.08,0.26,159.82739379867724
0.08,0.27,158.6546076171939
0.08,0.28,157.55756959835236
0.08,0.29,156.53492418945802
0.08,0.3,155.58527756518995
0.08,0.31,154.7072029880064
0.08,0.32,153.8992460254998
0.08,0.33,153.15992959413524
0.08,0.34,152.48775880350945
0.08,0.35,151.88122557988103
0.08,0.36,151.33881305215627
0.08,0.37,150.85899968769797
0.08,0.38,150.4402631692127
0.08,0.39,150.08108400754247
0.08,0.4,149.77994888838404
0.08,0.41,149.5353537538168
0.08,0.42,149.34580662200136
0.08,0.43,149.2098301505425
0.08,0.44,149.1259639508011
0.08,0.45,149.09276666190948
0.08,0.46,149.10881779441488
0.08,0.47,149.17271935437577
0.08,0.48,149.28309725938746
0.08,0.49,149.43860255844277
0.08,0.5,149.63791246777888
0.08,0.51,149.87973123492668
0.08,0.52,150.16279084311583
0.08,0.53,150.48585156799498
0.08,0.54,150.84770239833705
0.08,0.55,151.24716133203302
0.08,0.56,151.6830755582491
0.08,0.57,152.15432153613992
0.08,0.58,152.65980498000027
0.08,0.59,153.19846076020625
0.08,0.6,153.76925272874948
0.08,0.61,154.3711734776145
0.08,0.62,155.003244037709
0.08,0.63,155.66451352551195
0.08,0.64,156.35405874408409
0.08,0.65,157.0709837445755
0.08,0.66,157.8144193538761
0.08,0.67,158.58352267359228
0.08,0.68,159.3774765550848
0.08,0.69,160.19548905488827
0.08,0.7,161.03679287443435
0.08,0.71,161.90064478763415
0.08,0.72,162.7863250595297
0.08,0.73,163.6931368588933
0.08,0.74,164.62040566737167
0.08,0.75,165.56747868747607
0.08,0.76,166.53372425147845
0.08,0.77,167.51853123302948
0.08,0.78,168.52130846310217
0.08,0.79,169.54148415166827
0.08,0.8,170.578505316327
0.08,0.81,171.63183721894765
0.08,0.82,172.70096281123637
0.08,0.83,173.78538218999427
0.08,0.84,174.88461206272152
0.08,0.85,175.99818522410067
0.08,0.86,177.1256500437993
0.08,0.87,178.26656996593545
0.08,0.88,179.4205230204751
0.08,0.89,180.5871013467505
0.08,0.9,181.76591072923222
0.08,0.91,182.95657014562266
0.08,0.92,184.1587113272947
0.08,0.93,185.37197833204678
0.08,0.94,186.59602712911382
0.08,0.95,187.83052519633566
0.08,0.96,189.07515112935164
0.08,0.97,190.32959426266925
0.08,0.98,191.59355430243184
0.08,0.99,192.86674097068558
0.08,1.0,194.14887366093808
0.09,0.05,202.27385756394747
0.09,0.06,199.0620837832431
0.09,0.07,195.94471834126816
0.09,0.08,192.9222916727854
0.09,0.09,189.99521587346499
0.09,0.1,187.1637822667631
0.09,0.11,184.42815973797303
0.09,0.12,181.788393856527
0.09,0.13,179.2444067954082
0.09,0.14,176.79599804418731
0.09,0.15,174.4428459000323
0.09,0.16,172.1845097094284
0.09,0.17,170.02043282258353
0.09,0.18,167.9499462128581
0.09,0.19,165.97227270528117
0.09,0.2,164.0865317514398
0.09,0.21,162.29174468287334
0.09,0.22,160.5868403715995
0.09,0.23,158.97066122452932
0.09,0.24,157.44196943820856
0.09,0.25,155.99945344145854
0.09,0.26,154.6417344558917
0.09,0.27,153.36737310780913
0.09,0.28,152.17487602940525
0.09,0.29,151.06270239235837
0.09,0.3,150.02927032252765
0.09,0.31,149.07296315046057
0.09,0.32,148.19213545853205
0.09,0.33,147.38511889165326
0.09,0.34,146.6502277044647
0.09,0.35,145.98576402365157
0.09,0.36,145.39002280940957
0.09,0.37,144.8612965050679
0.09,0.38,144.3978793684234
0.09,0.39,143.99807148239208
0.09,0.4,143.66018244617968
0.09,0.41,143.38253475125853
0.09,0.42,143.16346684908504
0.09,0.43,143.00133591968043
0.09,0.44,142.89452035197047
0.09,0.45,142.84142194818517
0.09,0.46,142.8404678656639
0.09,0.47,142.8901123101581
0.09,0.48,142.98883799519305
0.09,0.49,143.1351573822883
0.09,0.5,143.32761371686513
0.09,0.51,143.56478187453578
0.09,0.52,143.845269032193
0.09,0.53,144.16771517791992
0.09,0.54,144.53079347326695
0.09,0.55,144.93321048088285
0.09,0.56,145.3737062698893
0.09,0.57,145.85105441075228
0.09,0.58,146.36406187073914
0.09,0.59,146.91156882039104
0.09,0.6,147.49244836076448
0.09,0.61,148.1056061805426
0.09,0.62,148.7499801514622
0.09,0.63,149.4245398698855
0.09,0.64,150.12828615173166
0.09,0.65,150.8602504874106
0.09,0.66,151.6194944628469
0.09,0.67,152.40510915216177
0.09,0.68,153.21621448708464
0.09,0.69,154.0519586077077
0.09,0.7,154.91151719875543
0.09,0.71,155.7940928151445
0.09,0.72,156.6989142002249
0.09,0.73,157.62523559975105
0.09,0.74,158.57233607429862
0.09,0.75,159.53951881255517
0.09,0.76,160.52611044762546
0.09,0.77,161.53146037825275
0.09,0.78,162.55494009661365
0.09,0.79,163.59594252413766
0.09,0.8,164.65388135661289
0.09,0.81,165.7281904196543
0.09,0.82,166.8183230354585
0.09,0.83,167.92375140161974
0.09,0.84,169.0439659826521
0.09,0.85,170.17847491474365
0.09,0.86,171.32680342416268
0.09,0.87,172.48849325963633
0.09,0.88,173.66310213894278
0.09,0.89,174.8502032098757
0.09,0.9,176.04938452567092
0.09,0.91,177.26024853493138
0.09,0.92,178.48241158602437
0.09,0.93,179.7155034458831
0.09,0.94,180.95916683310182
0.09,0.95,182.213056965176
0.09,0.96,183.47684111971247
0.09,0.97,184.75019820940054
0.09,0.98,186.0328183705163
0.09,0.99,187.324402564718
0.09,1.0,188.62466219385877
0.1,0.05,201.01363029965216
0.1,0.06,197.57299452240568
0.1,0.07,194.23474969296433
0.1,0.08,190.99949886030285
0.1,0.09,187.86770729003962
0.1,0.1,184.83969967327712
0.1,0.11,181.91565828422833
0.1,0.12,179.09562210986462
0.1,0.13,176.379486958854
0.1,0.14,173.76700654101464
0.1,0.15,171.25779449289107
0.1,0.16,168.85132731032058
0.1,0.17,166.54694813541377
0.1,0.18,164.34387133356438
0.1,0.19,162.24118778621738
0.1,0.2,160.23787081731857
0.1,0.21,158.33278266576374
0.1,0.22,156.52468141275364
0.1,0.23,154.81222827167045
0.1,0.24,153.1939951487934
0.1,0.25,151.66847238566095
0.1,0.26,150.23407659792815
0.1,0.27,148.88915853090333
0.1,0.28,147.63201085829925
0.1,0.29,146.4608758578316
0.1,0.3,145.37395290486782
0.1,0.31,144.36940573315547
0.1,0.32,143.44536941949315
0.1,0.33,142.59995705688937
0.1,0.34,141.83126608813208
0.1,0.35,141.13738427861793
0.1,0.36,140.51639531371217
0.1,0.37,139.96638401174195
0.1,0.38,139.48544114894304
0.1,0.39,139.07166789726492
0.1,0.4,138.7231798799027
0.1,0.41,138.43811085278443
0.1,0.42,138.2146160230245
0.1,0.43,138.05087501760892
0.1,0.44,137.94509451734015
0.1,0.45,137.89551057239052
0.1,0.46,137.90039061674713
0.1,0.47,137.95803519941438
0.1,0.48,138.06677945052874
0.1,0.49,138.22499430058136
0.1,0.5,138.4310874707609
0.1,0.51,138.6835042520861
0.1,0.52,138.98072809049725
0.1,0.53,139.32128099448082
0.1,0.54,139.70372378110812
0.1,0.55,140.12665617562448
0.1,0.56,140.5887167789344
0.1,0.57,141.08858291650878
0.1,0.58,141.62497038142408
0.1,0.59,142.19663308340623
0.1,0.6,142.80236261494886
0.1,0.61,143.44098774477064
0.1,0.62,144.11137384811101
0.1,0.63,144.81242228261203
0.1,0.64,145.54306971783208
0.1,0.65,146.30228742574985
0.1,0.66,147.08908053898077
0.1,0.67,147.902487282822
0.1,0.68,148.7415781866721
0.1,0.69,149.60545527984024
0.1,0.7,150.49325127626278
0.1,0.71,151.40412875218075
0.1,0.72,152.33727932041074
0.1,0.73,153.29192280443388
0.1,0.74,154.26730641517514
0.1,0.75,155.26270393299907
0.1,0.76,156.27741489714217
0.1,0.77,157.31076380452535
0.1,0.78,158.36209931962054
0.1,0.79,159.4307934968228
0.1,0.8,160.51624101655457
0.1,0.81,161.6178584361433
0.1,0.82,162.7350834563319
0.1,0.83,163.86737420412655
0.1,0.84,165.0142085325442
0.1,0.85,166.17508333768873
0.1,0.86,167.34951389348018
0.1,0.87,168.53703320424776
0.1,0.88,169.73719137531523
0.1,0.89,170.94955500162078
0.1,0.9,172.17370657434873
0.1,0.91,173.40924390547858
0.1,0.92,174.65577957011394
0.1,0.93,175.9129403663937
0.1,0.94,177.18036679275912
0.1,0.95,178.45771254230547
0.1,0.96,179.7446440139218
0.1,0.97,181.0408398398973
0.1,0.98,182.34599042965053
0.1,0.99,183.65979752921908
0.1,1.0,184.9819737961386
0.11,0.05,199.87126158054295
0.11,0.06,196.22627886039436
0.11,0.07,192.6919474893391
0.11,0.08,189.26892337066238
0.11,0.09,185.95770310974385
0.11,0.1,182.75862089248534
0.11,0.11,179.6718465270188
0.11,0.12,176.69738467357217
0.11,0.13,173.83507526673222
0.11,0.14,171.08459511381918
0.11,0.15,168.44546063327584
0.11,0.16,165.9170316785156
0.11,0.17,163.49851637610553
0.11,0.18,161.18897689287832
0.11,0.19,158.98733603494145
0.11,0.2,156.89238457273257
0.11,0.21,154.90278918036984
0.11,0.22,153.01710087447827
0.11,0.23,151.23376383734956
0.11,0.24,149.55112451141397
0.11,0.25,147.96744085633017
0.11,0.26,146.4808916661604
0.11,0.27,145.0895858517195
0.11,0.28,143.79157160193964
0.11,0.29,142.58484534756286
0.11,0.3,141.4673604603793
0.11,0.31,140.43703563123105
0.11,0.32,139.49176287987194
0.11,0.33,138.62941515927483
0.11,0.34,137.84785352595713
0.11,0.35,137.1449338562152
0.11,0.36,136.5185130957358
0.11,0.37,135.9664550368381
0.11,0.38,135.486635623569
0.11,0.39,135.0769477900307
0.11,0.4,134.73530584169544
0.11,0.41,134.45964939308232
0.11,0.42,134.2479468781106
0.11,0.43,134.09819865173
0.11,0.44,134.0084397031547
0.11,0.45,133.9767420022374
0.11,0.46,134.00121650128284
0.11,0.47,134.08001481497806
0.11,0.48,134.21133060116944
0.11,0.49,134.39340066499014
0.11,0.5,134.62450580839274
0.11,0.51,134.90297144650856
0.11,0.52,135.22716801148445
0.11,0.53,135.59551116356195
0.11,0.54,136.00646182820358
0.11,0.55,136.4585260770601
0.11,0.56,136.9502548695256
0.11,0.57,137.48024367056962
0.11,0.58,138.04713195948355
0.11,0.59,138.64960264313595
0.11,0.6,139.28638138631817
0.11,0.61,139.9562358707717
0.11,0.62,140.6579749935529
0.11,0.63,141.39044801448077
0.11,0.64,142.15254366155233
0.11,0.65,142.94318920240892
0.11,0.66,143.76134948916385
0.11,0.67,144.60602598319034
0.11,0.68,145.47625576580344
0.11,0.69,146.37111054014176
0.11,0.7,147.28969562898718
0.11,0.71,148.23114897272288
0.11,0.72,149.1946401311414
0.11,0.73,150.17936929236495
0.11,0.74,151.18456629172522
0.11,0.75,152.20948964307874
0.11,0.76,153.25342558467872
0.11,0.77,154.31568714142705
0.11,0.78,155.39561320503455
0.11,0.79,156.492567633367
0.11,0.8,157.60593837002705
0.11,0.81,158.735136585007
0.11,0.82,159.87959583707078
0.11,0.83,161.03877125834634
0.11,0.84,162.21213876147854
0.11,0.85,163.39919426954071
0.11,0.86,164.59945296880719
0.11,0.87,165.8124485843736
0.11,0.88,167.03773267852887
0.11,0.89,168.2748739717015
0.11,0.9,169.5234576857413
0.11,0.91,170.78308490923285
0.11,0.92,172.05337198448845
0.11,0.93,173.33394991583654
0.11,0.94,174.6244637987694
0.11,0.95,175.92457226950063
0.11,0.96,177.23394697445298
0.11,0.97,178.5522720591783
0.11,0.98,179.87924367619752
0.11,0.99,181.2145695112444
0.11,1.0,182.55796832738054
0.12,0.05,198.8323395378357
0.12,0.06,195.00437251410534
0.12,0.07,191.29549577081772
0.12,0.08,187.70639437260155
0.12,0.09,184.23757058884843
0.12,0.1,180.88934051696097
0.12,0.11,177.66183211992973
0.12,0.12,174.55498470337614
0.12,0.13,171.5685498308794
0.12,0.14,168.70209365041768
0.12,0.15,165.95500057995605
0.12,0.16,163.32647827739305
0.12,0.17,160.81556379992793
0.12,0.18,158.42113084092404
0.12,0.19,156.14189791892468
0.12,0.2,153.97643738378926
0.12,0.21,151.92318509902464
0.12,0.22,149.9804506571239
0.12,0.23,148.14642798588457
0.12,0.24,146.41920620787033
0.12,0.25,144.79678062198678
0.12,0.26,143.2770636850915
0.12,0.27,141.85789588214067
0.12,0.28,140.5370563851279
0.12,0.29,139.3122734135083
0.12,0.3,138.1812342215334
0.12,0.31,137.14159465057114
0.12,0.32,136.19098819674568
0.12,0.33,135.32703455587685
0.12,0.34,134.54734761851742
0.12,0.35,133.84954289778244
0.12,0.36,133.23124438152493
0.12,0.37,132.69009080822684
0.12,0.38,132.2237413727257
0.12,0.39,131.82988087362247
0.12,0.4,131.50622431895707
0.12,0.41,131.25052101056835
0.12,0.42,131.0605581305455
0.12,0.43,130.93416385540598
0.12,0.44,130.8692100252036
0.12,0.45,130.8636143957378
0.12,0.46,130.9153425025
0.12,0.47,131.02240916503234
0.12,0.48,131.18287966004632
0.12,0.49,131.3948705910307
0.12,0.5,131.65655048122701
0.12,0.51,131.9661401158105
0.12,0.52,132.3219126579418
0.12,0.53,132.7221935620778
0.12,0.54,133.16536030659873
0.12,0.55,133.64984196642942
0.12,0.56,134.17411864495142
0.12,0.57,134.7367207831281
0.12,0.58,135.33622836240866
0.12,0.59,135.97127001666652
0.12,0.6,136.64052206715687
0.12,0.61,137.3427074932633
0.12,0.62,138.07659485065267
0.12,0.63,138.84099714735981
0.12,0.64,139.6347706872985
0.12,0.65,140.45681388973534
0.12,0.66,141.30606609236267
0.12,0.67,142.18150634477408
0.12,0.68,143.08215219837928
0.12,0.69,144.00705849808216
0.12,0.7,144.95531618039206
0.12,0.71,145.9260510820482
0.12,0.72,146.91842276268284
0.12,0.73,147.93162334455965
0.12,0.74,148.96487637197336
0.12,0.75,150.017435692486
0.12,0.76,151.08858436181328
0.12,0.77,152.1776335738408
0.12,0.78,153.28392161695902
0.12,0.79,154.40681285763614
0.12,0.8,155.5456967519205
0.12,0.81,156.6999868853489
0.12,0.82,157.86912004156082
0.12,0.83,159.0525552997483
0.12,0.84,160.24977316093805
0.12,0.85,161.4602747029739
0.12,0.86,162.6835807639616
0.12,0.87,163.9192311538501
0.12,0.88,165.16678389373672
0.12,0.89,166.42581448242848
0.12,0.9,167.6959151897264
0.12,0.91,168.976694375858
0.12,0.92,170.2677758364484
0.12,0.93,171.56879817238575
0.12,0.94,172.87941418391694
0.12,0.95,174.1992902882936
0.12,0.96,175.52810596027265
0.12,0.97,176.86555319477685
0.12,0.98,178.21133599100705
0.12,0.99,179.5651698573085
0.12,1.0,180.92678133609135
0.13,0.05,197.88486993281361
0.13,0.06,193.89261959542745
0.13,0.07,190.0279843531493
0.13,0.08,186.2916528213089
0.13,0.09,182.68410554228683
0.13,0.1,179.20561147781248
0.13,0.11,175.85622620459924
0.13,0.12,172.63579183624304
0.13,0.13,169.54393866113273
0.13,0.14,166.58008845363912
0.13,0.15,163.74345938523268
0.13,0.16,161.0330724343977
0.13,0.17,158.44775917011148
0.13,0.18,155.98617076387256
0.13,0.19,153.6467880701815
0.13,0.2,151.42793260519178
0.13,0.21,149.32777824789497
0.13,0.22,147.34436348745177
0.13,0.23,145.47560404372095
0.13,0.24,143.71930569515166
0.13,0.25,142.07317715837578
0.13,0.26,140.5348428764397
0.13,0.27,139.10185558696625
0.13,0.28,137.77170855704728
0.13,0.29,136.54184738773574
0.13,0.3,135.4096813071302
0.13,0.31,134.37259388680764
0.13,0.32,133.4279531313843
0.13,0.33,132.5731209050349
0.13,0.34,131.80546167165355
0.13,0.35,131.12235053689002
0.13,0.36,130.521180590485
0.13,0.37,129.99936955612182
0.13,0.38,129.55436576346662
0.13,0.39,129.18365346322543
0.13,0.4,128.88475751099978
0.13,0.41,128.65524744956636
0.13,0.42,128.49274102205018
0.13,0.43,128.39490715042086
0.13,0.44,128.3594684149274
0.13,0.45,128.38420307060596
0.13,0.46,128.46694663695172
0.13,0.47,128.60559309634345
0.13,0.48,128.7980957359152
0.13,0.49,129.04246766639108
0.13,0.5,129.33678204997295
0.13,0.51,129.67917206779146
0.13,0.52,130.06783065572205
0.13,0.53,130.50101003559132
0.13,0.54,130.97702106699137
0.13,0.55,131.49423244310137
0.13,0.56,132.05106975212283
0.13,0.57,132.64601442418993
0.13,0.58,133.27760258191628
0.13,0.59,133.94442381112034
0.13,0.6,134.64511986673125
0.13,0.61,135.37838332740844
0.13,0.62,136.14295621104517
0.13,0.63,136.93762856203801
0.13,0.64,137.76123702001576
0.13,0.65,138.61266337861073
0.13,0.66,139.4908331418459
0.13,0.67,140.3947140847664
0.13,0.68,141.32331482409333
0.13,0.69,142.2756834038997
0.13,0.7,143.2509059005905
0.13,0.71,144.24810505084005
0.13,0.72,145.26643890554882
0.13,0.73,146.30509951236783
0.13,0.74,147.36331162887305
0.13,0.75,148.44033146804927
0.13,0.76,149.53544547738096
0.13,0.77,150.6479691525109
0.13,0.78,151.77724588614234
0.13,0.79,152.92264585260446
0.13,0.8,154.08356492827656
0.13,0.81,155.25942364787065
0.13,0.82,156.44966619640948
0.13,0.83,157.6537594365865
0.13,0.84,158.8711919710704
0.13,0.85,160.10147323921876
0.13,0.86,161.34413264756972
0.13,0.87,162.59871873340998
0.13,0.88,163.86479836066343
0.13,0.89,165.14195594728852
0.13,0.9,166.4297927233405
0.13,0.91,167.72792601882986
0.13,0.92,169.03598858047766
0.13,0.93,170.35362791647182
0.13,0.94,171.68050566830541
0.13,0.95,173.01629700879062
0.13,0.96,174.3606900653364
0.13,0.97,175.71338536759035
0.13,0.98,177.07409531855524
0.13,0.99,178.44254368830084
0.13,1.0,179.81846512941465
0.14,0.05,197.01874298992223
0.14,0.06,192.87864892962352
0.14,0.07,188.87469920535287
0.14,0.08,185.00756006258965
0.14,0.09,181.27766288963235
0.14,0.1,177.68520074721474
0.14,0.11,174.23012692757754
0.14,0.12,170.91215555998713
0.14,0.13,167.73076423839547
0.14,0.14,164.68519860696816
0.14,0.15,161.77447880197465
0.14,0.16,158.99740761531365
0.14,0.17,156.35258021673556
0.14,0.18,153.83839524935362
0.14,0.19,151.4530670967144
0.14,0.2,149.19463910964672
0.14,0.21,147.06099757714458
0.14,0.22,145.04988622726174
0.14,0.23,143.1589210507823
0.14,0.24,141.38560525154182
0.14,0.25,139.72734414188542
0.14,0.26,138.18145981899164
0.14,0.27,136.7452054768322
0.14,0.28,135.41577922859608
0.14,0.29,134.19033733475345
0.14,0.3,133.06600675199834
0.14,0.31,132.03989693755406
0.14,0.32,131.1091108613882
0.14,0.33,130.27075519547117
0.14,0.34,129.52194966413464
0.14,0.35,128.85983555274757
0.14,0.36,128.28158338329013
0.14,0.37,127.7843997750076
0.14,0.38,127.36553351623331
0.14,0.39,127.02228087978911
0.14,0.4,126.75199021924803
0.14,0.41,126.55206588689586
0.14,0.42,126.41997151663558
0.14,0.43,126.35323271646587
0.14,0.44,126.3494392156985
0.14,0.45,126.40624651188264
0.14,0.46,126.52137706161622
0.14,0.47,126.69262105815534
0.14,0.48,126.91783683708931
0.14,0.49,127.1949509494252
0.14,0.5,127.5219579392989
0.14,0.51,127.89691986127103
0.14,0.52,128.31796556983085
0.14,0.53,128.78328981137437
0.14,0.54,129.29115214657102
0.14,0.55,129.83987572873707
0.14,0.56,130.42784596159888
0.14,0.57,131.0535090576845
0.14,0.58,131.71537051654815
0.14,0.59,132.41199354009316
0.14,0.6,133.14199740046192
0.14,0.61,133.90405577425884
0.14,0.62,134.69689505531395
0.14,0.63,135.51929265674184
0.14,0.64,136.37007531171952
0.14,0.65,137.24811738119448
0.14,0.66,138.15233917561267
0.14,0.67,139.0817052967628
0.14,0.68,140.03522300490877
0.14,0.69,141.01194061557055
0.14,0.7,142.01094592957293
0.14,0.71,143.03136469932417
0.14,0.72,144.07235913369922
0.14,0.73,145.13312644338296
0.14,0.74,146.21289742806755
0.14,0.75,147.31093510649714
0.14,0.76,148.42653338999037
0.14,0.77,149.5590157997732
0.14,0.78,150.7077342281784
0.14,0.79,151.87206774354013
0.14,0.8,153.0514214384158
0.14,0.81,154.2452253205961
0.14,0.82,155.45293324622583
0.14,0.83,156.67402189424064
0.14,0.84,157.90798978122314
0.14,0.85,159.1543563157121
0.14,0.86,160.41266089092676
0.14,0.87,161.68246201482972
0.14,0.88,162.9633364764118
0.14,0.89,164.25487854705796
0.14,0.9,165.5566992158426
0.14,0.91,166.86842545759356
0.14,0.92,168.18969953256325
0.14,0.93,169.5201783165605
0.14,0.94,170.8595326603935
0.14,0.95,172.20744677750943
0.14,0.96,173.5636176587197
0.14,0.97,174.9277545129319
0.14,0.98,176.2995782328323
0.14,0.99,177.67882088448826
0.14,1.0,179.06522521987205
0.15,0.05,196.22531406821852
0.15,0.06,191.95187827450786
0.15,0.07,187.82305188487592
0.15,0.08,183.8394537471708
0.15,0.09,180.0014398684855
0.15,0.1,176.30910018543779
0.15,0.11,172.7622577243311
0.15,0.12,169.3604701572751
0.15,0.13,166.10303370971778
0.15,0.14,162.98898932642498
0.15,0.15,160.01713095847722
0.15,0.16,157.18601579492008
0.15,0.17,154.4939762304662
0.15,0.18,151.93913333590788
0.15,0.19,149.51941158105174
0.15,0.2,147.2325545510298
0.15,0.21,145.07614139539524
0.15,0.22,143.04760375484128
0.15,0.23,141.1442429217821
0.15,0.24,139.3632470074037
0.15,0.25,137.70170790798852
0.15,0.26,136.15663788627154
0.15,0.27,134.72498560820415
0.15,0.28,133.40365150083952
0.15,0.29,132.18950232225072
0.15,0.3,131.0793848587642
0.15,0.31,130.070138687762
0.15,0.32,129.1586079654739
0.15,0.33,128.34165221826524
0.15,0.34,127.61615613276099
0.15,0.35,126.97903835467173
0.15,0.36,126.42725931843762
0.15,0.37,125.95782813985046
0.15,0.38,125.56780861181129
0.15,0.39,125.25432434947669
0.15,0.4,125.01456313546026
0.15,0.41,124.84578051865346
0.15,0.42,124.7453027218423
0.15,0.43,124.71052891379729
0.15,0.44,124.73893290109773
0.15,0.45,124.82806429378128
0.15,0.46,124.97554919715166
0.15,0.47,125.17909047985208
0.15,0.48,125.43646766575364
0.15,0.49,125.74553649441822
0.15,0.5,126.10422819195706
0.15,0.51,126.51054849109953
0.15,0.52,126.9625764362694
0.15,0.53,127.45846300648964
0.15,0.54,127.99642958603576
0.15,0.55,128.5747663099695
0.15,0.56,129.19183030901831
0.15,0.57,129.84604387575558
0.15,0.58,130.5358925716682
0.15,0.59,131.25992329250013
0.15,0.6,132.01674230722102
0.15,0.61,132.805013284084
0.15,0.62,133.62345531551748
0.15,0.63,134.4708409520204
0.15,0.64,135.34599425380347
0.15,0.65,136.24778886762476
0.15,0.66,137.17514613510735
0.15,0.67,138.12703323778115
0.15,0.68,139.10246138316035
0.15,0.69,140.10048403533986
0.15,0.7,141.12019519285874
0.15,0.71,142.1607277159313
0.15,0.72,143.22125170457727
0.15,0.73,144.30097292869047
0.15,0.74,145.39913131064455
0.15,0.75,146.51499946066886
0.15,0.76,147.64788126490316
0.15,0.77,148.7971105257661
0.15,0.78,149.96204965403788
0.15,0.79,151.1420884118703
0.15,0.8,152.336642705765
0.15,0.81,153.54515342843888
0.15,0.82,154.7670853483815
0.15,0.83,156.0019260458275
0.15,0.84,157.2491848938082
0.15,0.85,158.5083920828886
0.15,0.86,159.77909768817446
0.15,0.87,161.0608707771526
0.15,0.88,162.3532985569116
0.15,0.89,163.65598555930575
0.15,0.9,164.9685528626227
0.15,0.91,166.29063734833548
0.15,0.92,167.6218909915463
0.15,0.93,168.9619801837454
0.15,0.94,170.31058508655164
0.15,0.95,171.66739901512346
0.15,0.96,173.03212784997348
0.15,0.97,174.40448947594828
0.15,0.98,175.78421324718715
0.15,0.99,177.17103947689685
0.15,1.0,178.56471895083496
0.16,0.05,195.4970943428791
0.16,0.06,191.10314563943095
0.16,0.07,186.86215158573748
0.16,0.08,182.77466033033238
0.16,0.09,178.84092830859763
0.16,0.1,175.0609174813333
0.16,0.11,171.43429535372817
0.16,0.12,167.96043776380102
0.16,0.13,164.63843436832434
0.16,0.14,161.46709669655473
0.16,0.15,158.44496858999855
0.16,0.16,155.5703388017821
0.16,0.17,152.84125549331335
0.16,0.18,150.2555423396488
0.16,0.19,147.81081593863908
0.16,0.2,145.50450421229365
0.16,0.21,143.33386549126402
0.16,0.22,141.29600798391303
0.16,0.23,139.38790934885895
0.16,0.24,137.60643611281205
0.16,0.25,135.94836270250002
0.16,0.26,134.41038988911347
0.16,0.27,132.9891624747031
0.16,0.28,131.68128608115583
0.16,0.29,130.4833429328043
0.16,0.3,129.3919065525844
0.16,0.31,128.40355531837298
0.16,0.32,127.51488485027687
0.16,0.33,126.722519220977
0.16,0.34,126.02312099963922
0.16,0.35,125.41340015539484
0.16,0.36,124.89012185907852
0.16,0.37,124.45011323194986
0.16,0.38,124.090269097741
0.16,0.39,123.80755679980788
0.16,0.4,123.59902014868639
0.16,0.41,123.46178256721896
0.16,0.42,123.3930495008822
0.16,0.43,123.39011016026328
0.16,0.44,123.45033866099925
0.16,0.45,123.57119462413964
0.16,0.46,123.75022329698186
0.16,0.47,123.98505525110794
0.16,0.48,124.27340571078068
0.16,0.49,124.61307356111752
0.16,0.5,125.0019400816705
0.16,0.51,125.43796744726045
0.16,0.52,125.91919703420928
0.16,0.53,126.44374756652914
0.16,0.54,127.00981313320524
0.16,0.55,127.615661104454
0.16,0.56,128.25962997179644
0.16,0.57,128.9401271339346
0.16,0.58,129.65562664779333
0.16,0.59,130.40466696165657
0.16,0.6,131.1858486451152
0.16,0.61,131.9978321285204
0.16,0.62,132.83933546280474
0.16,0.63,133.70913210888546
0.16,0.64,134.6060487643818
0.16,0.65,135.52896323405426
0.16,0.66,136.47680234919528
0.16,0.67,137.4485399401624
0.16,0.68,138.44319486531614
0.16,0.69,139.45982909883006
0.16,0.7,140.49754587912244
0.16,0.71,141.55548791905818
0.16,0.72,142.6328356785308
0.16,0.73,143.7288056995873
0.16,0.74,144.84264900386498
0.16,0.75,145.97364955178395
0.16,0.76,147.1211227626666
0.16,0.77,148.2844140947167
0.16,0.78,149.46289768361706
0.16,0.79,150.65597503834147
0.16,0.8,151.86307379266466
0.16,0.81,153.08364651075826
0.16,0.82,154.3171695451959
0.16,0.83,155.56314194563848
0.16,0.84,156.82108441645136
0.16,0.85,158.0905383214761
0.16,0.86,159.3710647341959
0.16,0.87,160.662243531529
0.16,0.88,161.96367252951194
0.16,0.89,163.2749666591603
0.16,0.9,164.59575718082533
0.16,0.91,165.92569093540362
0.16,0.92,167.2644296308027
0.16,0.93,168.61164916210444
0.16,0.94,169.96703896392282
0.16,0.95,171.33030139349614
0.16,0.96,172.70115114310775
0.16,0.97,174.0793146804783
0.16,0.98,175.4645297158251
0.16,0.99,176.85654469433499
0.16,1.0,178.25511831284638
0.17,0.05,194.82752777166124
0.17,0.06,190.32444120822555
0.17,0.07,185.98249122859724
0.17,0.08,181.802134224334
0.17,0.09,177.78350540526748
0.17,0.1,173.9264167474127
0.17,0.11,170.2303581368238
0.17,0.12,166.69450167452518
0.17,0.13,163.3177090351178
0.17,0.14,160.0985417041366
0.17,0.15,157.03527385935152
0.17,0.16,154.12590761110172
0.17,0.17,151.3681902779092
0.17,0.18,148.75963334686128
0.17,0.19,146.29753275370584
0.17,0.2,143.97899011478177
0.17,0.21,141.80093455082428
0.17,0.22,139.76014475992156
0.17,0.23,137.85327102179784
0.17,0.24,136.0768568463755
0.17,0.25,134.42736001440386
0.17,0.26,132.90117279512188
0.17,0.27,131.49464116391187
0.17,0.28,130.20408288032604
0.17,0.29,129.02580432268132
0.17,0.3,127.95611600873418
0.17,0.31,126.99134676219792
0.17,0.32,126.12785651165774
0.17,0.33,125.3620477315847
0.17,0.34,124.69037555465029
0.17,0.35,124.10935660047515
0.17,0.36,123.61557657853486
0.17,0.37,123.20569673246092
0.17,0.38,122.87645919971334
0.17,0.39,122.62469136492764
0.17,0.4,122.44730928746274
0.17,0.41,122.34132028414868
0.17,0.42,122.30382474725533
0.17,0.43,122.33201727557267
0.17,0.44,122.42318719345236
0.17,0.45,122.57471852896096
0.17,0.46,122.78408951811242
0.17,0.47,123.0488716976672
0.17,0.48,123.36672864434031
0.17,0.49,123.7354144135651
0.17,0.5,124.15277172631653
0.17,0.51,124.61672994796342
0.17,0.52,125.12530289876821
0.17,0.53,125.67658653150356
0.17,0.54,126.26875650775968
0.17,0.55,126.90006570086328
0.17,0.56,127.56884164996042
0.17,0.57,128.2734839866976
0.17,0.58,129.01246185309463
0.17,0.59,129.78431132661478
0.17,0.6,130.5876328660959
0.17,0.61,131.42108879009896
0.17,0.62,132.28340079734488
0.17,0.63,133.17334753722682
0.17,0.64,134.08976223689564
0.17,0.65,135.03153039009564
0.17,0.66,135.99758751177313
0.17,0.67,136.98691696146582
0.17,0.68,137.99854783760412
0.17,0.69,139.0315529440881
0.17,0.7,140.08504682985708
0.17,0.71,141.1581839015999
0.17,0.72,142.2501566092871
0.17,0.73,143.3601937038014
0.17,0.74,144.48755856561525
0.17,0.75,145.63154760318483
0.17,0.76,146.79148871951176
0.17,0.77,147.96673984514598
0.17,0.78,149.15668753576057
0.17,0.79,150.36074563233413
0.17,0.8,151.57835398189
0.17,0.81,152.80897721670414
0.17,0.82,154.05210358985494
0.17,0.83,155.30724386498608
0.17,0.84,156.57393025815372
0.17,0.85,157.85171542965375
0.17,0.86,159.14017152374666
0.17,0.87,160.43888925424338
0.17,0.88,161.74747703395434
0.17,0.89,163.0655601460586
0.17,0.9,164.39277995550344
0.17,0.91,165.72879315860354
0.17,0.92,167.0732710690689
0.17,0.93,168.42589893875535
0.17,0.94,169.78637531148914
0.17,0.95,171.1544114083908
0.17,0.96,172.52973054317343
0.17,0.97,173.91206756596466
0.17,0.98,175.3011683342587
0.17,0.99,176.69678920966246
0.17,1.0,178.09869657916758
0.18,0.05,194.2108298559935
0.18,0.06,189.60871166351131
0.18,0.07,185.1757160901985
0.18,0.08,180.91218922075643
0.18,0.09,176.8181261549713
0.18,0.1,172.89316990965662
0.18,0.11,169.13661395179813
0.18,0.12,165.54740829649623
0.18,0.13,162.12416901850895
0.18,0.14,158.86519094848578
0.18,0.15,155.76846325741428
0.18,0.16,152.83168757783577
0.18,0.17,150.05229826955832
0.18,0.18,147.42748441164264
0.18,0.19,144.95421309121278
0.18,0.2,142.62925356227328
0.18,0.21,140.44920186272483
0.18,0.22,138.41050550325255
0.18,0.23,136.50948787552562
0.18,0.24,134.74237206695952
0.18,0.25,133.10530381290215
0.18,0.26,131.5943733624965
0.18,0.27,130.20563607981939
0.18,0.28,128.93513164572386
0.18,0.29,127.77890176691243
0.18,0.3,126.73300633630538
0.18,0.31,125.79353802215837
0.18,0.32,124.9566352923291
0.18,0.33,124.2184939045136
0.18,0.34,123.57537691326478
0.18,0.35,123.02362326040372
0.18,0.36,122.55965502735972
0.18,0.37,122.17998343643478
0.18,0.38,121.88121369338432
0.18,0.39,121.66004876648923
0.18,0.4,121.51329219786606
0.18,0.41,121.43785004154871
0.18,0.42,121.43073202020551
0.18,0.43,121.48905198860078
0.18,0.44,121.61002778732583
0.18,0.45,121.79098056518393
0.18,0.46,122.02933364311988
0.18,0.47,122.32261098690775
0.18,0.48,122.66843535011265
0.18,0.49,123.064526143209
0.18,0.5,123.50869707928722
0.18,0.51,123.99885364155058
0.18,0.52,124.53299041286064
0.18,0.53,125.10918830295579
0.18,0.54,125.72561170465717
0.18,0.55,126.38050560640787
0.18,0.56,127.0721926848522
0.18,0.57,127.79907039785407
0.18,0.58,128.5596080953605
0.18,0.59,129.3523441628235
0.18,0.6,130.175883209486
0.18,0.61,131.0288933116948
0.18,0.62,131.9101033194999
0.18,0.63,132.81830023313663
0.18,0.64,133.75232665450747
0.18,0.65,134.71107831751252
0.18,0.66,135.693501699962
0.18,0.67,136.69859171884596
0.18,0.68,137.7253895099208
0.18,0.69,138.77298029186858
0.18,0.7,139.8404913146977
0.18,0.71,140.92708989155713
0.18,0.72,142.03198151272662
0.18,0.73,143.15440804021048
0.18,0.74,144.29364598109137
0.18,0.75,145.44900483758
0.18,0.76,146.61982553154274
0.18,0.77,147.80547890115218
0.18,0.78,149.00536426722604
0.18,0.79,150.21890806676362
0.18,0.8,151.4455625511566
0.18,0.81,152.68480454653954
0.18,0.82,153.93613427376852
0.18,0.83,155.19907422552652
0.18,0.84,156.4731680981064
0.18,0.85,157.75797977546455
0.18,0.86,159.05309236319857
0.18,0.87,160.3581072701651
0.18,0.88,161.67264333552436
0.18,0.89,162.9963359990686
0.18,0.9,164.32883651276896
0.18,0.91,165.66981119155005
0.18,0.92,167.01894070138
0.18,0.93,168.37591938283956
0.18,0.94,169.7404546084136
0.18,0.95,171.11226617182032
0.18,0.96,172.49108570777176
0.18,0.97,173.87665614062897
0.18,0.98,175.26873116049046
0.18,0.99,176.66707472531297
0.18,1.0,178.07146058774353
0.19,0.05,193.6418687002093
0.19,0.06,188.94971430274154
0.19,0.07,184.4344495131476
0.19,0.08,180.0962941373272
0.19,0.09,175.93508708226705
0.19,0.1,171.9502864523567
0.19,0.11,168.14097372666748
0.19,0.12,164.50586191130517
0.19,0.13,161.04330746331698
0.19,0.14,157.75132569458194
0.19,0.15,154.62760928927295
0.19,0.16,151.6695495094566
0.19,0.17,148.87425962182152
0.19,0.18,146.23860005486335
0.19,0.19,143.75920478963337
0.19,0.2,141.4325084969477
0.19,0.21,139.25477395772623
0.19,0.22,137.2221193383602
0.19,0.23,135.33054493692637
0.19,0.24,133.57595906592002
0.19,0.25,131.9542027902972
0.19,0.26,130.4610732936353
0.19,0.27,129.0923456981113
0.19,0.28,127.84379321411627
0.19,0.29,126.71120554146079
0.19,0.3,125.69040548544238
0.19,0.31,124.777263787029
0.19,0.32,123.96771219692519
0.19,0.33,123.25775484832981
0.19,0.34,122.64347800306682
0.19,0.35,122.12105826081952
0.19,0.36,121.68676933191684
0.19,0.37,121.33698748102329
0.19,0.38,121.06819575271153
0.19,0.39,120.87698709077648
0.19,0.4,120.76006646178152
0.19,0.41,120.71425209019228
0.19,0.42,120.7364759079355
0.19,0.43,120.8237833157181
0.19,0.44,120.97333234724807
0.19,0.45,121.18239232088999
0.19,0.46,121.44834205647375
0.19,0.47,121.76866772814374
0.19,0.48,122.14096041741495
0.19,0.49,122.56291342410155
0.19,0.5,123.03231938659108
0.19,0.51,123.54706725708466
0.19,0.52,124.10513917197453
0.19,0.53,124.70460725247497
0.19,0.54,125.34363036599426
0.19,0.55,126.0204508745021
0.19,0.56,126.73339139232944
0.19,0.57,127.48085157238744
0.19,0.58,128.26130493671516
0.19,0.59,129.07329576451863
0.19,0.6,129.91543604844074
0.19,0.61,130.78640252766294
0.19,0.62,131.6849338045632
0.19,0.63,132.60982755002976
0.19,0.64,133.55993780111515
0.19,0.65,134.53417235349283
0.19,0.66,135.53149025014912
0.19,0.67,136.55089936684294
0.19,0.68,137.59145409413344
0.19,0.69,138.65225311514104
0.19,0.7,139.7324372776947
0.19,0.71,140.83118755909933
0.19,0.72,141.94772312140785
0.19,0.73,143.08129945482378
0.19,0.74,144.23120660664554
0.19,0.75,145.39676749301415
0.19,0.76,146.57733629061147
0.19,0.77,147.77229690539724
0.19,0.78,148.98106151542018
0.19,0.79,150.20306918474296
0.19,0.8,151.43778454552722
0.19,0.81,152.68469654535568
0.19,0.82,153.9433172569219
0.19,0.83,155.21318074727176
0.19,0.84,156.4938420038563
0.19,0.85,157.78487591473035
0.19,0.86,159.08587630031715
0.19,0.87,160.39645499424213
0.19,0.88,161.7162409708383
0.19,0.89,163.04487951700926
0.19,0.9,164.38203144623458
0.19,0.91,165.7273723525897
0.19,0.92,167.0805919027533
0.19,0.93,168.44139316405378
0.19,0.94,169.80949196670568
0.19,0.95,171.18461629846982
0.19,0.96,172.5665057300517
0.19,0.97,173.9549108696394
0.19,0.98,175.34959284506218
0.19,0.99,176.75032281211688
0.19,1.0,178.15688148769576
0.2,0.05,193.1160744746923
0.2,0.06,188.34190481199835
0.2,0.07,183.7521574930649
0.2,0.08,179.34691258226965
0.2,0.09,175.12583940453786
0.2,0.1,171.08819806598052
0.2,0.11,167.23284551499214
0.2,0.12,163.5582459903701
0.2,0.13,160.06248559214137
0.2,0.14,156.74329061253525
0.2,0.15,153.5980491830027
0.2,0.16,150.62383573120857
0.2,0.17,147.8174377009575
0.2,0.18,145.1753839683306
0.2,0.19,142.69397438779907
0.2,0.2,140.36930992079613
0.2,0.21,138.19732283335367
0.2,0.22,136.1738064957861
0.2,0.23,134.29444437260148
0.2,0.24,132.55483785153024
0.2,0.25,130.95053262369214
0.2,0.26,129.47704338978448
0.2,0.27,128.12987672753368
0.2,0.28,126.90455201181575
0.2,0.29,125.79662032955936
0.2,0.3,124.80168137607448
0.2,0.31,123.9153983574112
0.2,0.32,123.13351095473213
0.2,0.33,122.4518464317132
0.2,0.34,121.8663289850878
0.2,0.35,121.37298745218938
0.2,0.36,120.96796149833207
0.2,0.37,120.6475064117926
0.2,0.38,120.40799663564043
0.2,0.39,120.24592816435961
0.2,0.4,120.15791992968
0.2,0.41,120.14071429481659
0.2,0.42,120.19117676985418
0.2,0.43,120.30629505371247
0.2,0.44,120.48317750030687
0.2,0.45,120.71905109845999
0.2,0.46,121.01125904703522
0.2,0.47,121.35725799882177
0.2,0.48,121.75461503904597
0.2,0.49,122.20100445708495
0.2,0.5,122.69420436311029
0.2,0.51,123.23209319500485
0.2,0.52,123.81264615501343
0.2,0.53,124.433931610207
0.2,0.54,125.09410748594983
0.2,0.55,125.79141767715535
0.2,0.56,126.52418849815982
0.2,0.57,127.290825188529
0.2,0.58,128.08980848898963
0.2,0.59,128.919691298935
0.2,0.6,129.77909542454194
0.2,0.61,130.66670842444978
0.2,0.62,131.58128055812156
0.2,0.63,132.5216218404592
0.2,0.64,133.48659920489794
0.2,0.65,134.4751337760659
0.2,0.66,135.48619825214553
0.2,0.67,136.51881439626413
0.2,0.68,137.57205063557785
0.2,0.69,138.64501976617504
0.2,0.7,139.7368767614819
0.2,0.71,140.84681668151032
0.2,0.72,141.97407268001555
0.2,0.73,143.1179141064377
0.2,0.74,144.2776446993467
0.2,0.75,145.45260086803137
0.2,0.76,146.6421500588043
0.2,0.77,147.84568920259218
0.2,0.78,149.06264324037627
0.2,0.79,150.29246372309782
0.2,0.8,151.53462748268691
0.2,0.81,152.78863537094378
0.2,0.82,154.05401106309176
0.2,0.83,155.33029992290219
0.2,0.84,156.61706792639683
0.2,0.85,157.9139006412375
0.2,0.86,159.22040225901543
0.2,0.87,160.53619467776656
0.2,0.88,161.86091663214793
0.2,0.89,163.1942228688185
0.2,0.9,164.53578336467834
0.2,0.91,165.8852825857294
0.2,0.92,167.2424187844192
0.2,0.93,168.60690333343823
0.2,0.94,169.9784600940385
0.2,0.95,171.35682481703515
0.2,0.96,172.7417445747484
0.2,0.97,174.13297722223064
0.2,0.98,175.53029088620826
0.2,0.99,176.93346348025577
0.2,1.0,178.3422822447871
0.21,0.05,192.62936796375797
0.21,0.06,187.7803478779045
0.21,0.07,183.12303992931098
0.21,0.08,178.6573733260074
0.21,0.09,174.38283691573326
0.21,0.1,170.2984823463413
0.21,0.11,166.40293223173262
0.21,0.12,162.6943931143418
0.21,0.13,159.17067289085222
0.21,0.14,155.82920225970878
0.21,0.15,152.6670596615968
0.21,0.16,149.68099912031286
0.21,0.17,146.86748035270492
0.21,0.18,144.22270050231538
0.21,0.19,141.74262686038574
0.21,0.2,139.42302996716668
0.21,0.21,137.25951653249504
0.21,0.22,135.24756167334857
0.21,0.23,133.38254003350764
0.21,0.24,131.6597554226302
0.21,0.25,130.07446868547643
0.21,0.26,128.6219235837254
0.21,0.27,127.29737054042928
0.21,0.28,126.09608815890422
0.21,0.29,125.01340248258181
0.21,0.3,124.04470400943723
0.21,0.31,123.185462513839
0.21,0.32,122.43123976024957
0.21,0.33,121.77770021754321
0.21,0.34,121.22061990046171
0.21,0.35,120.75589347660608
0.21,0.36,120.3795397841904
0.21,0.37,120.08770590833663
0.21,0.38,119.87666996275871
0.21,0.39,119.74284271997247
0.21,0.4,119.682768227337
0.21,0.41,119.69312353884646
0.21,0.42,119.77071768413606
0.21,0.43,119.91248998706725
0.21,0.44,120.11550783683866
0.21,0.45,120.37696400511318
0.21,0.46,120.69417359335985
0.21,0.47,121.06457068565517
0.21,0.48,121.48570477366664
0.21,0.49,121.95523701255297
0.21,0.5,122.47093635909023
0.21,0.51,123.0306756365062
0.21,0.52,123.63242756427624
0.21,0.53,124.27426078549509
0.21,0.54,124.95433591936965
0.21,0.55,125.67090166185048
0.21,0.56,126.4222909534023
0.21,0.57,127.20691722936358
0.21,0.58,128.02327076524045
0.21,0.59,128.8699151265607
0.21,0.6,129.74548373056737
0.21,0.61,130.64867652499584
0.21,0.62,131.57825678744823
0.21,0.63,132.53304804739912
0.21,0.64,133.51193113161696
0.21,0.65,134.51384133274226
0.21,0.66,135.5377656998994
0.21,0.67,136.58274044950278
0.21,0.68,137.6478484938456
0.21,0.69,138.73221708460207
0.21,0.7,139.83501556801494
0.21,0.71,140.95545324826946
0.21,0.72,142.0927773553622
0.21,0.73,143.2462711136347
0.21,0.74,144.41525190706827
0.21,0.75,145.59906953739494
0.21,0.76,146.79710457108177
0.21,0.77,148.00876677128394
0.21,0.78,149.23349361090666
0.21,0.79,150.47074886300564
0.21,0.8,151.72002126483844
0.21,0.81,152.98082325199
0.21,0.82,154.2526897591039
0.21,0.83,155.53517708387824
0.21,0.84,156.82786181110578
0.21,0.85,158.13033979366446
0.21,0.86,159.4422251874972
0.21,0.87,160.76314953774724
0.21,0.88,162.0927609133418
0.21,0.89,163.43072308744402
0.21,0.9,164.77671476131306
0.21,0.91,166.13042882924077
0.21,0.92,167.49157168233677
0.21,0.93,168.85986254905876
0.21,0.94,170.23503287048345
0.21,0.95,171.6168257084279
0.21,0.96,173.00499518462138
0.21,0.97,174.39930594922902
0.21,0.98,175.79953267712122
0.21,0.99,177.20545959036545
0.21,1.0,178.616880005504
0.22,0.05,192.17810216987695
0.22,0.06,187.26064363581247
0.22,0.07,182.54194062424673
0.22,0.08,178.02176250291708
0.22,0.09,173.69940898987144
0.22,0.1,169.57371515214749
0.22,0.11,165.64306187715837
0.22,0.12,161.90539154445716
0.22,0.13,158.3582284877488
0.22,0.14,154.99870371951806
0.22,0.15,151.82358329836907
0.22,0.16,148.8292996550325
0.22,0.17,146.01198515807886
0.22,0.18,143.36750719374945
0.22,0.19,140.89150405359123
0.22,0.2,138.57942096507784
0.22,0.21,136.4265456596575
0.22,0.22,134.42804294488278
0.22,0.23,132.5789878276564
0.22,0.24,130.87439681967425
0.22,0.25,129.30925713998073
0.22,0.26,127.87855360992721
0.22,0.27,126.57729311027273
0.22,0.28,125.40052653696813
0.22,0.29,124.34336825025302
0.22,0.3,123.40101306063721
0.22,0.31,122.56875083514643
0.22,0.32,121.8419788382989
0.22,0.33,121.21621194532877
0.22,0.34,120.68709088100374
0.22,0.35,120.25038864696366
0.22,0.36,119.90201530477248
0.22,0.37,119.63802128178311
0.22,0.38,119.45459936333664
0.22,0.39,119.34808552856383
0.22,0.4,119.31495877882168
0.22,0.41,119.35184009821616
0.22,0.42,119.45549067521148
0.22,0.43,119.62280950347635
0.22,0.44,119.8508304691497
0.22,0.45,120.13671902094052
0.22,0.46,120.47776850906949
0.22,0.47,120.87139626916738
0.22,0.48,121.31513951797734
0.22,0.49,121.80665111909849
0.22,0.5,122.34369526911259
0.22,0.51,122.9241431472402
0.22,0.52,123.54596856517867
0.22,0.53,124.20724364794559
0.22,0.54,124.9061345713672
0.22,0.55,125.6408973772561
0.22,0.56,126.40987388328828
0.22,0.57,127.21148770105484
0.22,0.58,128.04424037270147
0.22,0.59,128.90670763391483
0.22,0.6,129.79753580874177
0.22,0.61,130.71543833979354
0.22,0.62,131.6591924557359
0.22,0.63,132.6276359766005
0.22,0.64,133.61966425629504
0.22,0.65,134.63422726075032
0.22,0.66,135.6703267793732
0.22,0.67,136.72701376685436
0.22,0.68,137.80338581189747
0.22,0.69,138.8985847290645
0.22,0.7,140.01179426965135
0.22,0.71,141.14223794731902
0.22,0.72,142.28917697407616
0.22,0.73,143.45190830214332
0.22,0.74,144.62976276720855
0.22,0.75,145.82210332860598
0.22,0.76,147.02832340199788
0.22,0.77,148.2478452802268
0.22,0.78,149.48011863809498
0.22,0.79,150.72461911695106
0.22,0.8,151.98084698508998
0.22,0.81,153.24832587010883
0.22,0.82,154.52660155950346
0.22,0.83,155.81524086594195
0.22,0.84,157.11383055379517
0.22,0.85,158.42197632365935
0.22,0.86,159.73930185174694
0.22,0.87,161.06544788117694
0.22,0.88,162.40007136233447
0.22,0.89,163.7428446396075
0.22,0.9,165.09345468194786
0.22,0.91,166.45160235483868
0.22,0.92,167.81700173136574
0.22,0.93,169.18937944022412
0.22,0.94,170.56847404859963
0.22,0.95,171.95403547798318
0.22,0.96,173.34582445107594
0.22,0.97,174.74361196805032
0.22,0.98,176.14717881052505
0.22,0.99,177.55631507170636
0.22,1.0,178.97081971123458
0.23,0.05,191.75901315325902
0.23,0.06,186.77886550425623
0.23,0.07,182.0042709800898
0.23,0.08,177.43483201048159
0.23,0.09,173.0696524992748
0.23,0.1,168.90734484191128
0.23,0.11,164.94604288210323
0.23,0.12,161.18342046453424
0.23,0.13,157.6167150892691
0.23,0.14,154.24275604734024
0.23,0.15,151.05799632090202
0.23,0.16,148.05854746829317
0.23,0.17,145.24021668490997
0.23,0.18,142.59854523333553
0.23,0.19,140.1288474673933
0.23,0.2,137.8262497299718
0.23,0.21,135.68572847821332
0.23,0.22,133.7021470762391
0.23,0.23,131.8702907894687
0.23,0.24,130.18489961075113
0.23,0.25,128.64069864268143
0.23,0.26,127.23242584920106
0.23,0.27,125.95485707037768
0.23,0.28,124.80282826546991
0.23,0.29,123.77125501013948
0.23,0.3,122.85514932374839
0.23,0.31,122.04963394235978
0.23,0.32,121.3499541830258
0.23,0.33,120.7514875661119
0.23,0.34,120.24975137585459
0.23,0.35,119.84040834621385
0.23,0.36,119.51927066048923
0.23,0.37,119.2823024501958
0.23,0.38,119.1256209723235
0.23,0.39,119.04549663521101
0.23,0.4,119.03835203260087
0.23,0.41,119.10076013366002
0.23,0.42,119.22944176435973
0.23,0.43,119.42126250304895
0.23,0.44,119.67322910064657
0.23,0.45,119.98248552387076
0.23,0.46,120.34630870849654
0.23,0.47,120.76210409891688
0.23,0.48,121.22740104034263
0.23,0.49,121.73984808084933
0.23,0.5,122.2972082321934
0.23,0.51,122.89735423083418
0.23,0.52,123.53826383390629
0.23,0.53,124.21801517893726
0.23,0.54,124.93478223085253
0.23,0.55,125.68683033520085
0.23,0.56,126.47251189252043
0.23,0.57,127.29026216527929
0.23,0.58,128.13859522583545
0.23,0.59,129.01610005129433
0.23,0.6,129.92143676896785
0.23,0.61,130.8533330543054
0.23,0.62,131.81058068163227
0.23,0.63,132.792032226762
0.23,0.64,133.7965979195092
0.23,0.65,134.8232426432908
0.23,0.66,135.87098307832886
0.23,0.67,136.93888498445486
0.23,0.68,138.02606061911558
0.23,0.69,139.13166628589528
0.23,0.7,140.25490000867194
0.23,0.71,141.394999326405
0.23,0.72,142.55123920349638
0.23,0.73,143.72293005065694
0.23,0.74,144.90941585125867
0.23,0.75,146.1100723882179
0.23,0.76,147.32430556655737
0.23,0.77,148.5515498269242
0.23,0.78,149.79126664547337
0.23,0.79,151.0429431156834
0.23,0.8,152.30609060783104
0.23,0.81,153.58024350201703
0.23,0.82,154.8649579908098
0.23,0.83,156.15981094774156
0.23,0.84,157.46439885806322
0.23,0.85,158.77833680833535
0.23,0.86,160.10125753159937
0.23,0.87,161.43281050503012
0.23,0.88,162.77266109713557
0.23,0.89,164.12048976171891
0.23,0.9,165.47599127596507
0.23,0.91,166.83887402015787
0.23,0.92,168.20885929666426
0.23,0.93,169.58568068596378
0.23,0.94,170.96908343760813
0.23,0.95,172.3588238941313
0.23,0.96,173.75466894603088
0.23,0.97,175.15639551605383
0.23,0.98,176.563790071119
0.23,0.99,177.9766481603067
0.23,1.0,179.39477397743238
0.24,0.05,191.3691777014618
0.24,0.06,186.3315065851307
0.24,0.07,181.50594416429968
0.24,0.08,176.891920467158
0.24,0.09,172.48833858965602
0.24,0.1,168.29358389434134
0.24,0.11,164.30553961203083
0.24,0.12,160.5216084251667
0.24,0.13,156.93873944748276
0.24,0.14,153.55345988042092
0.24,0.15,150.36191052806248
0.24,0.16,147.3598842918879
0.24,0.17,144.54286674439075
0.24,0.18,141.90607789401932
0.24,0.19,139.444514298655
0.24,0.2,137.15299075510646
0.24,0.21,135.02618088138678
0.24,0.22,133.05865601022472
0.24,0.23,131.2449219200465
0.24,0.24,129.57945303799642
0.24,0.25,128.05672385382906
0.24,0.26,126.67123738015616
0.24,0.27,125.41755058107907
0.24,0.28,124.29029676618494
0.24,0.29,123.2842050095858
0.24,0.3,122.39411670417563
0.24,0.31,121.61499940017853
0.24,0.32,120.94195810529418
0.24,0.33,120.37024424252925
0.24,0.34,119.89526247243938
0.24,0.35,119.51257559032955
0.24,0.36,119.2179077072664
0.24,0.37,119.00714591773769
0.24,0.38,118.87634064753117
0.24,0.39,118.82170486382991
0.24,0.4,118.83961231643407
0.24,0.41,118.9265949650738
0.24,0.42,119.07933973351285
0.24,0.43,119.29468471696183
0.24,0.44,119.56961495555048
0.24,0.45,119.90125787347199
0.24,0.46,120.28687847106305
0.24,0.47,120.72387434563632
0.24,0.48,121.20977060635984
0.24,0.49,121.74221473893242
0.24,0.5,122.31897146718637
0.24,0.51,122.93791765105888
0.24,0.52,123.5970372535356
0.24,0.53,124.29441640315848
0.24,0.54,125.02823857341214
0.24,0.55,125.79677989572286
0.24,0.56,126.59840461883944
0.24,0.57,127.4315607239668
0.24,0.58,128.294775702117
0.24,0.59,129.18665249768995
0.24,0.6,130.10586562023047
0.24,0.61,131.05115742459023
0.24,0.62,132.02133455830395
0.24,0.63,133.01526457383798
0.24,0.64,134.0318727024352
0.24,0.65,135.07013878554875
0.24,0.66,136.12909435929072
0.24,0.67,137.20781988689438
0.24,0.68,138.30544213388492
0.24,0.69,139.42113168045094
0.24,0.7,140.554100565386
0.24,0.71,141.70360005592946
0.24,0.72,142.8689185378308
0.24,0.73,144.0493795200346
0.24,0.74,145.24433974846173
0.24,0.75,146.45318742349988
0.24,0.76,147.67534051594922
0.24,0.77,148.9102451763487
0.24,0.78,150.15737423277682
0.24,0.79,151.41622577240742
0.24,0.8,152.68632180230023
0.24,0.81,153.9672069850911
0.24,0.82,155.25844744545157
0.24,0.83,156.55962964337562
0.24,0.84,157.87035931054294
0.24,0.85,159.19026044620037
0.24,0.86,160.51897436918014
0.24,0.87,161.85615882285217
0.24,0.88,163.20148712998036
0.24,0.89,164.55464739461678
0.24,0.9,165.91534174832043
0.24,0.91,167.2832856381468
0.24,0.92,168.65820715398968
0.24,0.93,170.03984639300273
0.24,0.94,171.4279548589489
0.24,0.95,172.82229489445982
0.24,0.96,174.22263914429465
0.24,0.97,175.62877004781248
0.24,0.98,177.04047935895983
0.24,0.99,178.4575676921922
0.24,1.0,179.8798440928291
0.25,0.05,191.00597630332274
0.25,0.06,185.91543281747357
0.25,0.07,181.04331763833403
0.25,0.08,176.38888431770852
0.25,0.09,171.95083157479448
0.25,0.1,167.7273148217681
0.25,0.11,163.71596455136697
0.25,0.12,159.9139110806082
0.25,0.13,156.3178149678005
0.25,0.14,152.92390227871886
0.25,0.15,149.7280037777997
0.25,0.16,146.72559706387366
0.25,0.17,143.91185065652178
0.25,0.18,141.28166906511166
0.25,0.19,138.82973793235087
0.25,0.2,136.5505684307802
0.25,0.21,134.43854019640776
0.25,0.22,132.4879422010371
0.25,0.23,130.6930110867729
0.25,0.24,129.04796660661617
0.25,0.25,127.54704392911094
0.25,0.26,126.18452266906007
0.25,0.27,124.95475259799268
0.25,0.28,123.85217606603673
0.25,0.29,122.8713472307808
0.25,0.3,122.00694823894935
0.25,0.31,121.25380254419393
0.25,0.32,120.60688557027208
0.25,0.33,120.06133294483215
0.25,0.34,119.61244653648755
0.25,0.35,119.25569852838183
0.25,0.36,118.98673375646383
0.25,0.37,118.80137053151893
0.25,0.38,118.69560015179131
0.25,0.39,118.66558529877891
0.25,0.4,118.70765749330124
0.25,0.41,118.81831377290182
0.25,0.42,118.99421273557923
0.25,0.43,119.23217007914349
0.25,0.44,119.52915375045748
0.25,0.45,119.88227880465632
0.25,0.46,120.28880206127143
0.25,0.47,120.7461166320897
0.25,0.48,121.2517463845751
0.25,0.49,121.8033403947762
0.25,0.5,122.39866743478215
0.25,0.51,123.03561053194265
0.25,0.52,123.71216163015052
0.25,0.53,124.42641637744698
0.25,0.54,125.1765690589541
0.25,0.55,125.96090768961706
0.25,0.56,126.77780927735456
0.25,0.57,127.62573526391385
0.25,0.58,128.50322714793836
0.25,0.59,129.4089022924198
0.25,0.6,130.34144991676268
0.25,0.61,131.29962727209443
0.25,0.62,132.2822559971627
0.25,0.63,133.2882186511146
0.25,0.64,134.31645541864526
0.25,0.65,135.36596098237032
0.25,0.66,136.43578155681385
0.25,0.67,137.52501207807092
0.25,0.68,138.63279354298794
0.25,0.69,139.75831049158214
0.25,0.7,140.90078862637648
0.25,0.71,142.0594925623463
0.25,0.72,143.23372370125009
0.25,0.73,144.42281822422515
0.25,0.74,145.62614519667835
0.25,0.75,146.8431047796739
0.25,0.76,148.07312654221099
0.25,0.77,149.3156678689832
0.25,0.78,150.5702124584326
0.25,0.79,151.83626890612422
0.25,0.8,153.11336936868915
0.25,0.81,154.40106830380236
0.25,0.82,155.6989412818882
0.25,0.83,157.0065838654492
0.25,0.84,158.3236105521343
0.25,0.85,159.64965377786126
0.25,0.86,160.98436297650707
0.25,0.87,162.32740369286807
0.25,0.88,163.67845674577808
0.25,0.89,165.0372174384435
0.25,0.9,166.4033948132264
0.25,0.91,167.77671094825752
0.25,0.92,169.15690029342508
0.25,0.93,170.54370904341485
0.25,0.94,171.93689454562494
0.25,0.95,173.33622474090242
0.25,0.96,174.7414776351687
0.25,0.97,176.15244080012425
0.25,0.98,177.56891090132123
0.25,0.99,178.99069325200412
0.25,1.0,180.41760139121058
0.26,0.05,190.66706043559688
0.26,0.06,185.52784168356655
0.26,0.07,180.61314262468485
0.26,0.08,175.92203741795439
0.26,0.09,171.4530180153903
0.26,0.1,167.20400814384726
0.26,0.11,163.17238460240264
0.26,0.12,159.35500527832818
0.26,0.13,155.74824309542146
0.26,0.14,152.3480249609654
0.26,0.15,149.14987467754042
0.26,0.16,146.14895873524023
0.26,0.17,143.34013389688926
0.26,0.18,140.71799552896036
0.26,0.19,138.27692570710144
0.26,0.2,136.01114022922366
0.26,0.21,133.91473379213846
0.26,0.22,131.98172272121138
0.26,0.23,130.20608477866878
0.26,0.24,128.58179570853443
0.26,0.25,127.10286229960141
0.26,0.26,125.76335185872603
0.26,0.27,124.55741808283224
0.26,0.28,123.4793233983139
0.26,0.29,122.52345790097024
0.26,0.3,121.6843550789508
0.26,0.31,120.9567045366695
0.26,0.32,120.33536196086895
0.26,0.33,119.81535658273006
0.26,0.34,119.39189639392627
0.26,0.35,119.06037137152225
0.26,0.36,118.81635495820949
0.26,0.37,118.65560403197777
0.26,0.38,118.57405758415028
0.26,0.39,118.56783430779947
0.26,0.4,118.63322928074464
0.26,0.41,118.76670990927927
0.26,0.42,118.96491128100284
0.26,0.43,119.22463105800581
0.26,0.44,119.54282402546313
0.26,0.45,119.91659639559084
0.26,0.46,120.34319995302843
0.26,0.47,120.8200261150514
0.26,0.48,121.3445999686209
0.26,0.49,121.9145743360757
0.26,0.5,122.52772391224072
0.26,0.51,123.18193950776914
0.26,0.52,123.87522242659051
0.26,0.53,124.6056789993065
0.26,0.54,125.37151528918429
0.26,0.55,126.171031982951
0.26,0.56,127.0026194748133
0.26,0.57,127.86475314894733
0.26,0.58,128.7559888630338
0.26,0.59,129.67495863320957
0.26,0.6,130.62036651899575
0.26,0.61,131.59098470529193
0.26,0.62,132.5856497773592
0.26,0.63,133.60325918379223
0.26,0.64,134.64276788177816
0.26,0.65,135.70318515842376
0.26,0.66,136.78357162156018
0.26,0.67,137.8830363532002
0.26,0.68,139.0007342186928
0.26,0.69,140.13586332457288
0.26,0.7,141.28766261813573
0.26,0.71,142.4554096218541
0.26,0.72,143.6384182958793
0.26,0.73,144.83603702205278
0.26,0.74,146.04764670303138
0.26,0.75,147.27265897036065
0.26,0.76,148.51051449556047
0.26,0.77,149.76068139851483
0.26,0.78,151.0226537477234
0.26,0.79,152.29595014720306
0.26,0.8,153.58011240508728
0.26,0.81,154.87470427920667
0.26,0.82,156.17931029518246
0.26,0.83,157.49353463279192
0.26,0.84,158.81700007659083
0.26,0.85,160.1493470270097
0.26,0.86,161.49023256833226
0.26,0.87,162.83932959018233
0.26,0.88,164.1963259593322
0.26,0.89,165.5609237388316
0.26,0.9,166.93283845162807
0.26,0.91,168.31179838602353
0.26,0.92,169.69754394046504
0.26,0.93,171.0898270053149
0.26,0.94,172.48841037939405
0.26,0.95,173.89306721922196
0.26,0.96,175.3035805189997
0.26,0.97,176.71974261950825
0.26,0.98,178.1413547442014
0.26,0.99,179.56822656087814
0.26,1.0,181.00017576741968
0.27,0.05,190.35032348985604
0.27,0.06,185.16622563145467
0.27,0.07,180.21251949524506
0.27,0.08,175.48809787958865
0.27,0.09,170.99124453501918
0.27,0.1,166.71965071752223
0.27,0.11,162.6704395045358
0.27,0.12,158.84019717958896
0.27,0.13,155.22501079043374
0.27,0.14,151.8205108327905
0.27,0.15,148.62191791306773
0.27,0.16,145.62409219995192
0.27,0.17,142.82158448389214
0.27,0.18,140.2086877192475
0.27,0.19,137.7794880178143
0.27,0.2,135.52791418494604
0.27,0.21,133.44778503044859
0.27,0.22,131.5328538363454
0.27,0.23,129.7768495140051
0.27,0.24,128.17351412711545
0.27,0.25,126.71663658929448
0.27,0.26,125.40008246223138
0.27,0.27,124.21781988010113
0.27,0.28,123.1639417079091
0.27,0.29,122.23268410573145
0.27,0.3,121.41844171863822
0.27,0.31,120.71577974505846
0.27,0.32,120.11944315638198
0.27,0.33,119.62436334975132
0.27,0.34,119.22566251628358
0.27,0.35,118.9186560002908
0.27,0.36,118.69885291314641
0.27,0.37,118.56195524979316
0.27,0.38,118.50385573777318
0.27,0.39,118.52063462914063
0.27,0.4,118.60855562554228
0.27,0.41,118.76406110677136
0.27,0.42,118.98376681371408
0.27,0.43,119.26445611816229
0.27,0.44,119.60307399471225
0.27,0.45,119.99672079402765
0.27,0.46,120.44264590221458
0.27,0.47,120.93824135793116
0.27,0.48,121.48103548711067
0.27,0.49,122.06868660476806
0.27,0.5,122.69897682419129
0.27,0.51,123.36980600581705
0.27,0.52,124.07918587114631
0.27,0.53,124.82523430107473
0.27,0.54,125.60616983290294
0.27,0.55,126.42030636595112
0.27,0.56,127.26604808204584
0.27,0.57,128.14188458409404
0.27,0.58,129.04638625343082
0.27,0.59,129.9781998245579
0.27,0.6,130.93604417421196
0.27,0.61,131.91870632037006
0.27,0.62,132.92503762574762
0.27,0.63,133.9539501995538
0.27,0.64,135.00441349067256
0.27,0.65,136.07545106502423
0.27,0.66,137.16613755959878
0.27,0.67,138.27559580549703
0.27,0.68,139.4029941122753
0.27,0.69,140.54754370591803
0.27,0.7,141.7084963128621
0.27,0.71,142.88514188264998
0.27,0.72,144.07680644197345
0.27,0.73,145.28285007309432
0.27,0.74,146.50266500987325
0.27,0.75,147.73567384489135
0.27,0.76,148.9813278414274
0.27,0.77,150.23910534431744
0.27,0.78,151.50851028401289
0.27,0.79,152.78907076841787
0.27,0.8,154.08033775736686
0.27,0.81,155.38188381486498
0.27,0.82,156.69330193447797
0.27,0.83,158.01420443350318
0.27,0.84,159.34422191180582
0.27,0.85,160.68300227142836
0.27,0.86,162.03020979330725
0.27,0.87,163.38552426764895
0.27,0.88,164.7486401747138
0.27,0.89,166.11926591295278
0.27,0.9,167.49712307162636
0.27,0.91,168.88194574520338
0.27,0.92,170.27347988700802
0.27,0.93,171.67148269973558
0.27,0.94,173.0757220605997
0.27,0.95,174.4859759790188
0.27,0.96,175.90203208487432
0.27,0.97,177.3236871454941
0.27,0.98,178.75074660963674
0.27,0.99,180.18302417684922
0.27,1.0,181.62034139067842
0.28,0.05,190.05387485645724
0.28,0.06,184.82833959624102
0.28,0.07,179.83885831042807
0.28,0.08,175.0841412303253
0.28,0.09,170.56226323038965
0.28,0.1,166.27068305564015
0.28,0.11,162.20627075206875
0.28,0.12,158.36534250314898
0.28,0.13,154.74370186324876
0.28,0.14,151.33668622176685
0.28,0.15,148.139217235689
0.28,0.16,145.1458539335243
0.28,0.17,142.3508472163663
0.28,0.18,139.7481945546314
0.28,0.19,137.33169379194734
0.28,0.2,135.09499510949402
0.28,0.21,133.031650363561
0.28,0.22,131.13515917562327
0.28,0.23,129.39901131878486
0.28,0.24,127.81672509970386
0.28,0.25,126.38188157579194
0.28,0.26,125.08815457014389
0.28,0.27,123.92933654956761
0.28,0.28,122.89936051393164
0.28,0.29,121.99231810856655
0.28,0.3,121.20247421720842
0.28,0.31,120.52427832294465
0.28,0.32,119.952372941107
0.28,0.33,119.4815994333648
0.28,0.34,119.10700150865331
0.28,0.35,118.82382670610167
0.28,0.36,118.62752613963993
0.28,0.37,118.51375276504717
0.28,0.38,118.47835840918196
0.28,0.39,118.51738977907185
0.28,0.4,118.62708364628567
0.28,0.41,118.80386138020242
0.28,0.42,119.04432298288964
0.28,0.43,119.34524075864381
0.28,0.44,119.70355273301658
0.28,0.45,120.11635591947
0.28,0.46,120.58089951671468
0.28,0.47,121.09457810625808
0.28,0.48,121.65492490768173
0.28,0.49,122.25960513859246
0.28,0.5,122.90640951694884
0.28,0.51,123.59324793544512
0.28,0.52,124.31814333074016
0.28,0.53,125.07922576440536
0.28,0.54,125.874726727471
0.28,0.55,126.70297367622288
0.28,0.56,127.56238480338992
0.28,0.57,128.45146404594593
0.28,0.58,129.36879632836673
0.28,0.59,130.31304303825402
0.28,0.6,131.2829377297046
0.28,0.61,132.27728204859565
0.28,0.62,133.29494187304164
0.28,0.63,134.33484366159942
0.28,0.64,135.39597100131834
0.28,0.65,136.47736134742092
0.28,0.66,137.57810294622965
0.28,0.67,138.69733193289508
0.28,0.68,139.83422959550992
0.28,0.69,140.988019797309
0.28,0.7,142.15796654881274
0.28,0.71,143.34337172198508
0.28,0.72,144.5435728987248
0.28,0.73,145.75794134627645
0.28,0.74,146.9858801124364
0.28,0.75,148.22682223372826
0.28,0.76,149.48022905003037
0.28,0.77,150.74558861944087
0.28,0.78,152.02241422747701
0.28,0.79,153.31024298500205
0.28,0.8,154.60863450956978
0.28,0.81,155.9171696851692
0.28,0.82,157.23544949562137
0.28,0.83,158.5630939271514
0.28,0.84,159.8997409359239
0.28,0.85,161.24504547655945
0.28,0.86,162.5986785879007
0.28,0.87,163.96032653251143
0.28,0.88,165.32968998660414
0.28,0.89,166.70648327729646
0.28,0.9,168.09043366428267
0.28,0.91,169.4812806631905
0.28,0.92,170.87877540805806
0.28,0.93,172.28268005052968
0.28,0.94,173.69276719351626
0.28,0.95,175.1088193572095
0.28,0.96,176.5306284754733
0.28,0.97,177.95799542075358
0.28,0.98,179.3907295557752
0.28,0.99,180.8286483103936
0.28,1.0,182.2715767820828
0.29,0.05,189.77601679507646
0.29,0.06,184.51217213471594
0.29,0.07,179.48984389087792
0.29,0.08,174.70755911883515
0.29,0.09,170.16318373142764
0.29,0.1,165.8539444925366
0.29,0.11,161.7764596466536
0.29,0.12,157.9267772794251
0.29,0.13,154.30042028108653
0.29,0.14,150.89243662453086
0.29,0.15,147.6974535775906
0.29,0.16,144.70973444462854
0.29,0.17,141.92323647049054
0.29,0.18,139.33166863112683
0.29,0.19,136.92854816818326
0.29,0.2,134.7072548868513
0.29,0.21,132.6610824146382
0.29,0.22,130.7832858020241
0.29,0.23,129.067125024458
0.29,0.24,127.50590411130077
0.29,0.25,126.09300577578415
0.29,0.26,124.82192154763634
0.29,0.27,123.68627751530852
0.29,0.28,122.67985586785663
0.29,0.29,121.79661248866552
0.29,0.3,121.03069089635031
0.29,0.31,120.3764328547288
0.29,0.32,119.82838598635287
0.29,0.33,119.38130872530655
0.29,0.34,119.03017293730606
0.29,0.35,118.77016452077677
0.29,0.36,118.59668228350795
0.29,0.37,118.50533536732681
0.29,0.38,118.49193946935279
0.29,0.39,118.55251208386349
0.29,0.4,118.68326696446563
0.29,0.41,118.88060798271356
0.29,0.42,119.1411225370144
0.29,0.43,119.46157464486762
0.29,0.44,119.83889783238409
0.29,0.45,120.27018791769369
0.29,0.46,120.75269576927468
0.29,0.47,121.28382010638234
0.29,0.48,121.86110039654038
0.29,0.49,122.48220989436915
0.29,0.5,123.14494885674748
0.29,0.51,123.84723796131517
0.29,0.52,124.58711194848964
0.29,0.53,125.3627135013678
0.29,0.54,126.17228737300665
0.29,0.55,127.01417476649162
0.29,0.56,127.8868079698348
0.29,0.57,128.78870524498012
0.29,0.58,129.71846596795834
0.29,0.59,130.67476601545204
0.29,0.6,131.65635339163873
0.29,0.61,132.66204408810776
0.29,0.62,133.69071816885645
0.29,0.63,134.74131607181164
0.29,0.64,135.8128351179522
0.29,0.65,136.90432621890164
0.29,0.66,138.01489077377715
0.29,0.67,139.14367774611475
0.29,0.68,140.28988091179176
0.29,0.69,141.45273626905626
0.29,0.7,142.63151960199497
0.29,0.71,143.8255441890448
0.29,0.72,145.03415864844754
0.29,0.73,146.25674491287114
0.29,0.74,147.49271632574118
0.29,0.75,148.7415158521758
0.29,0.76,150.00261439774602
0.29,0.77,151.27550922863216
0.29,0.78,152.5597224870652
0.29,0.79,153.85479979628622
0.29,0.8,155.16030894955813
0.29,0.81,156.47583867807722
0.29,0.82,157.80099749292927
0.29,0.83,159.1354125965092
0.29,0.84,160.47872885910772
0.29,0.85,161.83060785660675
0.29,0.86,163.19072696549287
0.29,0.87,164.55877851160975
0.29,0.88,165.93446896930772
0.29,0.89,167.31751820784257
0.29,0.9,168.70765878208414
0.29,0.91,170.10463526476954
0.29,0.92,171.50820361772045
0.29,0.93,172.91813059959966
0.29,0.94,174.33419320793806
0.29,0.95,175.75617815331293
0.29,0.96,177.1838813636848
0.29,0.97,178.6171075170362
0.29,0.98,180.05566960056956
0.29,0.99,181.49938849483166
0.29,1.0,182.9480925812451
0.3,0.05,189.5152237899423
0.3,0.06,184.21591977088943
0.3,0.07,179.16340490253003
0.3,0.08,174.35602291097308
0.3,0.09,169.79143110481257
0.3,0.1,165.46662521758026
0.3,0.11,161.37797331206488
0.3,0.12,157.52125772797632
0.3,0.13,153.89172382143687
0.3,0.14,150.48413408246782
0.3,0.15,147.29282612979614
0.3,0.16,144.31177306958025
0.3,0.17,141.5346447592465
0.3,0.18,138.9548686286506
0.3,0.19,136.56568886489666
0.3,0.2,134.36022294997375
0.3,0.21,132.33151473804492
0.3,0.22,130.47258345929356
0.3,0.23,128.77646822943683
0.3,0.24,127.23626782057849
0.3,0.25,125.84517560474607
0.3,0.26,124.59650971327254
0.3,0.27,123.48373856217817
0.3,0.28,122.50050197645265
0.3,0.29,121.64062820632248
0.3,0.3,120.8981471686521
0.3,0.31,120.26730026938826
0.3,0.32,119.74254717137241
0.3,0.33,119.3185698687845
0.3,0.34,118.99027441762469
0.3,0.35,118.75279065334314
0.3,0.36,118.60147020405859
0.3,0.37,118.53188308243786
0.3,0.38,118.53981311263921
0.3,0.39,118.62125242181172
0.3,0.4,118.77239519930474
0.3,0.41,118.98963090156037
0.3,0.42,119.26953705704453
0.3,0.43,119.60887180374634
0.3,0.44,120.00456627188952
0.3,0.45,120.4537169065793
0.3,0.46,120.95357780912346
0.3,0.47,121.50155316164576
0.3,0.48,122.09518978723153
0.3,0.49,122.73216988710142
0.3,0.5,123.41030398702605
0.3,0.51,124.12752411726916
0.3,0.52,124.88187724360013
0.3,0.53,125.67151896124707
0.3,0.54,126.49470745891273
0.3,0.55,127.34979775605284
0.3,0.56,128.23523621339953
0.3,0.57,129.14955531410405
0.3,0.58,130.091368710796
0.3,0.59,131.05936653222196
0.3,0.6,132.05231094187224
0.3,0.61,133.069031940073
0.3,0.62,134.10842340035177
0.3,0.63,135.16943933044485
0.3,0.64,136.25109034805052
0.3,0.65,137.35244036132826
0.3,0.66,138.47260344414997
0.3,0.67,139.61074089622392
0.3,0.68,140.76605847839718
0.3,0.69,141.93780381368853
0.3,0.7,143.1252639448943
0.3,0.71,144.3277630399379
0.3,0.72,145.5446602364766
0.3,0.73,146.77534761764753
0.3,0.74,148.0192483112007
0.3,0.75,149.2758147046425
0.3,0.76,150.54452676938328
0.3,0.77,151.8248904872558
0.3,0.78,153.11643637311448
0.3,0.79,154.41871808759285
0.3,0.8,155.731311134419
0.3,0.81,157.053811637018
0.3,0.82,158.38583518944438
0.3,0.83,159.72701577697723
0.3,0.84,161.07700476199958
0.3,0.85,162.43546993104957
0.3,0.86,163.80209459918345
0.3,0.87,165.17657676803933
0.3,0.88,166.55862833420534
0.3,0.89,167.94797434472343
0.3,0.9,169.3443522967526
0.3,0.91,170.74751147861053
0.3,0.92,172.15721234958994
0.3,0.93,173.57322595611058
0.3,0.94,174.99533338193157
0.3,0.95,176.42332523028975
0.3,0.96,177.85700113596843
0.3,0.97,179.29616930543665
0.3,0.98,180.74064608331105
0.3,0.99,182.1902555435119
0.3,1.0,183.64482910358691
0.31,0.05,189.27012413175575
0.31,0.06,183.93796420540556
0.31,0.07,178.8576865047107
0.31,0.08,174.02745160864467
0.31,0.09,169.4447088982539
0.31,0.1,165.1062243236292
0.31,0.11,161.00811765112726
0.31,0.12,157.1459080539296
0.31,0.13,153.51456666667383
0.31,0.14,150.1085745614957
0.31,0.15,146.9219845226833
0.31,0.16,143.9484849976493
0.31,0.17,141.18146467459792
0.31,0.18,138.61407626932808
0.31,0.19,136.23929827979225
0.31,0.2,134.0499936713627
0.31,0.21,132.0389646729803
0.31,0.22,130.19900308117303
0.31,0.23,128.5229356745388
0.31,0.24,127.00366452777364
0.31,0.25,125.63420217657942
0.31,0.26,124.40770172018127
0.31,0.27,123.31748205622723
0.31,0.28,122.35704852460589
0.31,0.29,121.52010929441576
0.31,0.3,120.80058786486502
0.31,0.31,120.19263206949847
0.31,0.32,119.69061997713177
0.31,0.33,119.28916307537648
0.31,0.34,118.98310710649412
0.31,0.35,118.76753090306892
0.31,0.36,118.63774354472473
0.31,0.37,118.58928012859957
0.31,0.38,118.61789641689576
0.31,0.39,118.7195625956247
0.31,0.4,118.89045635042284
0.31,0.41,119.12695543860528
0.31,0.42,119.4256299117734
0.31,0.43,119.78323412054274
0.31,0.44,120.19669861234975
0.31,0.45,120.66312201488084
0.31,0.46,121.1797629813292
0.31,0.47,121.74403225935721
0.31,0.48,122.35348493315821
0.31,0.49,123.00581287723581
0.31,0.5,123.69883745128219
0.31,0.51,124.43050245768808
0.31,0.52,125.19886737659522
0.31,0.53,126.00210088786446
0.31,0.54,126.83847468474538
0.31,0.55,127.70635758026664
0.31,0.56,128.60420990431413
0.31,0.57,129.53057818691966
0.31,0.58,130.4840901213591
0.31,0.59,131.46344979917865
0.31,0.6,132.46743320815506
0.31,0.61,133.49488398339707
0.31,0.62,134.54470940125339
0.31,0.63,135.61587660536637
0.31,0.64,136.70740905405208
0.31,0.65,137.81838317818378
0.31,0.66,138.94792523884533
0.31,0.67,140.09520837422215
0.31,0.68,141.2594498254507
0.31,0.69,142.43990833146017
0.31,0.7,143.63588168319342
0.31,0.71,144.84670442797176
0.31,0.72,146.07174571515964
0.31,0.73,147.31040727469613
0.31,0.74,148.5621215204683
0.31,0.75,149.8263497709016
0.31,0.76,151.1025805795567
0.31,0.77,152.3903281689037
0.31,0.78,153.68913096083415
0.31,0.79,154.9985501978386
0.31,0.8,156.3181686491323
0.31,0.81,157.64758939635175
0.31,0.82,158.9864346937756
0.31,0.83,160.33434489832112
0.31,0.84,161.69097746487924
0.31,0.85,163.05600600280795
0.31,0.86,164.42911938968916
0.31,0.87,165.81002093868494
0.31,0.88,167.1984276160742
0.31,0.89,168.59406930576571
0.31,0.9,169.99668811779418
0.31,0.91,171.40603773799577
0.31,0.92,172.82188281624784
0.31,0.93,174.24399839082204
0.31,0.94,175.6721693465675
0.31,0.95,177.10618990478247
0.31,0.96,178.54586314277975
0.31,0.97,179.9910005412773
0.31,0.98,181.4414215578735
0.31,0.99,182.896953224974
0.31,1.0,184.35742977064783
0.32,0.05,189.03948349850918
0.32,0.06,183.67685208196036
0.32,0.07,178.57102616304675
0.32,0.08,173.71998358909144
0.32,0.09,169.12096670631294
0.32,0.1,164.77051312098658
0.32,0.11,160.6644963518236
0.32,0.12,156.7981751134398
0.32,0.13,153.16624971975497
0.32,0.14,149.7629239328044
0.32,0.15,146.58197051038175
0.32,0.16,143.61679872114254
0.32,0.17,140.860522187974
0.32,0.18,138.30602557472446
0.32,0.19,135.9460288305524
0.32,0.2,133.77314793252287
0.32,0.21,131.77995130407285
0.32,0.22,129.95901132040808
0.32,0.23,128.3029505305487
0.32,0.24,126.80448242162899
0.32,0.25,125.4564467192525
0.32,0.26,124.25183935602712
0.32,0.27,123.18383734884354
0.32,0.28,122.24581890566344
0.32,0.29,121.43137913729642
0.32,0.3,120.73434178226229
0.32,0.31,120.14876736700839
0.32,0.32,119.66895822309107
0.32,0.33,119.28946077085052
0.32,0.34,119.00506545863243
0.32,0.35,118.81080472037354
0.32,0.36,118.70194928456124
0.32,0.37,118.67400313596967
0.32,0.38,118.72269739953958
0.32,0.39,118.84398338437082
0.32,0.4,119.03402499574946
0.32,0.41,119.28919069497938
0.32,0.42,119.60604516081297
0.32,0.43,119.98134078266379
0.32,0.44,120.41200909455497
0.32,0.45,120.89515223989707
0.32,0.46,121.42803454057112
0.32,0.47,122.0080742293052
0.32,0.48,122.63283539177908
0.32,0.49,123.30002015413734
0.32,0.5,124.00746114241379
0.32,0.51,124.7531142326358
0.32,0.52,125.5350516038868
0.32,0.53,126.35145510122929
0.32,0.54,127.20060991096065
0.32,0.55,128.08089854708592
0.32,0.56,128.99079514499994
0.32,0.57,129.92886005609978
0.32,0.58,130.89373473528266
0.32,0.59,131.88413691194887
0.32,0.6,132.89885603417162
0.32,0.61,133.93674897501805
0.32,0.62,134.9967359895943
0.32,0.63,136.07779691117236
0.32,0.64,137.1789675747028
0.32,0.65,138.29933645610723
0.32,0.66,139.43804151592062
0.32,0.67,140.5942672361369
0.32,0.68,141.76724183942403
0.32,0.69,142.95623468026565
0.32,0.7,144.16055379798354
0.32,0.71,145.3795436220295
0.32,0.72,146.6125828203753
0.32,0.73,147.8590822822732
0.32,0.74,149.11848322710804
0.32,0.75,150.39025543149822
0.32,0.76,151.67389556723387
0.32,0.77,152.96892564306205
0.32,0.78,154.27489154372887
0.32,0.79,155.59136166008028
0.32,0.8,156.91792560439805
0.32,0.81,158.25419300549643
0.32,0.82,159.59979237845357
0.32,0.83,160.9543700641657
0.32,0.84,162.31758923421864
0.32,0.85,163.68912895686069
0.32,0.86,165.0686833201302
0.32,0.87,166.45596060844528
0.32,0.88,167.8506825292094
0.32,0.89,169.25258348620326
0.32,0.9,170.66140989675304
0.32,0.91,172.07691954985899
0.32,0.92,173.49888100265585
0.32,0.93,174.92707301274766
0.32,0.94,176.36128400412935
0.32,0.95,177.8013115645493
0.32,0.96,179.24696197231657
0.32,0.97,180.69804975068712
0.32,0.98,182.1543972480873
0.32,0.99,183.61583424254212
0.32,1.0,185.08219756879987
0.33,0.05,188.82219033027937
0.33,0.06,183.43127703554958
0.33,0.07,178.30193227147026
0.33,0.08,173.4319517178732
0.33,0.09,168.818371709489
0.33,0.1,164.45750305645075
0.33,0.11,160.34497515955783
0.33,0.12,156.4757890322338
0.33,0.13,152.84437758213528
0.33,0.14,149.44467134318165
0.33,0.15,146.27016778616883
0.33,0.16,143.31400236754536
0.33,0.17,140.56901958897026
0.33,0.18,138.02784251795603
0.33,0.19,135.68293944290176
0.33,0.2,133.526686584701
0.33,0.21,131.55142604401945
0.33,0.22,129.74951841324238
0.33,0.23,128.1133897134012
0.33,0.24,126.63557252110758
0.33,0.25,125.30874132404476
0.33,0.26,124.12574228413649
0.33,0.27,123.07961769573832
0.33,0.28,122.16362550427709
0.33,0.29,121.37125430201942
0.33,0.3,120.69623424598292
0.33,0.31,120.13254435243798
0.33,0.32,119.67441661697949
0.33,0.33,119.31633739236513
0.33,0.34,119.05304643146684
0.33,0.35,118.87953397247205
0.33,0.36,118.79103621015834
0.33,0.37,118.78302946243014
0.33,0.38,118.85122330672513
0.33,0.39,118.99155292737913
0.33,0.4,119.20017088329718
0.33,0.41,119.47343847576583
0.33,0.42,119.8079168692351
0.33,0.43,120.20035809350566
0.33,0.44,120.64769603397703
0.33,0.45,121.14703749737158
0.33,0.46,121.69565342351153
0.33,0.47,122.2909702991131
0.33,0.48,122.93056181700003
0.33,0.49,123.61214081341288
0.33,0.5,124.33355150702205
0.33,0.51,125.09276205563674
0.33,0.52,125.88785744027443
0.33,0.53,126.71703268103933
0.33,0.54,127.57858638501104
0.33,0.55,128.4709146229255
0.33,0.56,129.3925051287217
0.33,0.57,130.34193181391518
0.33,0.58,131.31784958715917
0.33,0.59,132.31898946817535
0.33,0.6,133.34415398440785
0.33,0.61,134.39221283822272
0.33,0.62,135.4620988321752
0.33,0.63,136.5528040397671
0.33,0.64,137.6633762091661
0.33,0.65,138.7929153875362
0.33,0.66,139.94057075389753
0.33,0.67,141.1055376487775
0.33,0.68,142.2870547893153
0.33,0.69,143.48440165891407
0.33,0.7,144.69689606100454
0.33,0.71,145.92389182695072
0.33,0.72,147.16477666862556
0.33,0.73,148.4189701666574
0.33,0.74,149.68592188583435
0.33,0.75,150.9651096096226
0.33,0.76,152.25603768620888
0.33,0.77,153.55823547892268
0.33,0.78,154.87125591431916
0.33,0.79,156.1946741216077
0.33,0.8,157.52808615750752
0.33,0.81,158.87110781097388
0.33,0.82,160.2233734825935
0.33,0.83,161.58453513378396
0.33,0.84,162.95426130123684
0.33,0.85,164.33223617234918
0.33,0.86,165.7181587176625
0.33,0.87,167.11174187658656
0.33,0.88,168.51271179294088
0.33,0.89,169.92080709706698
0.33,0.9,171.33577823148454
0.33,0.91,172.7573868172698
0.33,0.92,174.18540505851468
0.33,0.93,175.61961518241094
0.33,0.94,177.0598089126632
0.33,0.95,178.50578697408886
0.33,0.96,179.95735862640603
0.33,0.97,181.41434122534915
0.33,0.98,182.87655980937006
0.33,0.99,184.34384671030236
0.33,1.0,185.81604118647684
0.34,0.05,188.6172428119456
0.34,0.06,183.20006377427967
0.34,0.07,178.0490652643108
0.34,0.08,173.161861437283
0.34,0.09,168.53528370057862
0.34,0.1,164.16541765540438
0.34,0.11,160.0476507293156
0.34,0.12,156.17672897893985
0.34,0.13,152.54682127609289
0.34,0.14,149.15158893063426
0.34,0.15,145.98425875168468
0.34,0.16,143.03769759790777
0.34,0.17,140.30448660284404
0.34,0.18,137.77699346347973
0.34,0.19,135.44744142784907
0.34,0.2,133.3079738893006
0.34,0.21,131.35071377194927
0.34,0.22,129.5678171579992
0.34,0.23,127.95152085113997
0.34,0.24,126.49418378320375
0.34,0.25,125.18832234944618
0.34,0.26,124.0266399000066
0.34,0.27,123.00205072248504
0.34,0.28,122.10769892600803
0.34,0.29,121.33697268451851
0.34,0.3,120.68351432071894
0.34,0.31,120.1412267165702
0.34,0.32,119.70427652578911
0.34,0.33,119.36709464223922
0.34,0.34,119.12437434884647
0.34,0.35,118.97106753751393
0.34,0.36,118.90237935374249
0.34,0.37,118.91376158207741
0.34,0.38,119.00090505146069
0.34,0.39,119.1597313040288
0.34,0.4,119.38638373754496
0.34,0.41,119.67721840088105
0.34,0.42,120.02879459400599
0.34,0.43,120.43786539884128
0.34,0.44,120.90136824508033
0.34,0.45,121.41641559551145
0.34,0.46,121.98028581836908
0.34,0.47,122.59041429955414
0.34,0.48,123.2443848350162
0.34,0.49,123.93992133293895
0.34,0.5,124.67487984641848
0.34,0.51,125.4472409498584
0.34,0.52,126.2551024661469
0.34,0.53,127.09667254664379
0.34,0.54,127.97026310193925
0.34,0.55,128.8742835781144
0.34,0.56,129.80723507069592
0.34,0.57,130.76770476656236
0.34,0.58,131.7543607026185
0.34,0.59,132.7659468290212
0.34,0.6,133.8012783640678
0.34,0.61,134.85923742743805
0.34,0.62,135.93876893831802
0.34,0.63,137.03887676493008
0.34,0.64,138.15862011215359
0.34,0.65,139.29711013417517
0.34,0.66,140.45350675947276
0.34,0.67,141.6270157158419
0.34,0.68,142.81688574364264
0.34,0.69,144.02240598594312
0.34,0.7,145.24290354474044
0.34,0.71,146.47774119297569
0.34,0.72,147.7263152325779
0.34,0.73,148.98805348929392
0.34,0.74,150.26241343557885
0.34,0.75,151.54888043330803
0.34,0.76,152.84696608857092
0.34,0.77,154.15620671125666
0.34,0.78,155.4761618725944
0.34,0.79,156.8064130542335
0.34,0.8,158.146562382859
0.34,0.81,159.4962314447074
0.34,0.82,160.85506017472738
0.34,0.83,162.222705815463
0.34,0.84,163.59884194105706
0.34,0.85,164.98315754208718
0.34,0.86,166.37535616721996
0.34,0.87,167.77515511794383
0.34,0.88,169.1822846928902
0.34,0.89,170.59648747848485
0.34,0.9,172.01751768289324
0.34,0.91,173.44514051042785
0.34,0.92,174.8791315737779
0.34,0.93,176.31927634159536
0.34,0.94,177.7653696191492
0.34,0.95,179.21721505990126
0.34,0.96,180.674624706011
0.34,0.97,182.13741855591263
0.34,0.98,183.60542415722227
0.34,0.99,185.07847622336803
0.34,1.0,186.55641627242525
0.35,0.05,188.4237372944378
0.35,0.06,182.98215397042662
0.35,0.07,177.81122093229635
0.35,0.08,172.90837147529538
0.35,0.09,168.27023316798545
0.35,0.1,163.89266797468454
0.35,0.11,159.77082345729437
0.35,0.12,155.89919339870264
0.35,0.13,152.2716859174035
0.35,0.14,148.8816969866834
0.35,0.15,145.72218723231921
0.35,0.16,142.78575995095923
0.35,0.17,140.06473845024513
0.35,0.18,137.55124103950794
0.35,0.19,135.23725227285792
0.35,0.2,133.11468934161113
0.35,0.21,131.1754628099157
0.35,0.22,129.41153116957818
0.35,0.23,127.81494894535443
0.35,0.24,126.37790830260742
0.35,0.25,125.09277429142348
0.35,0.26,123.95211400443445
0.35,0.27,122.94872003154863
0.35,0.28,122.07562866707211
0.35,0.29,121.3261333677594
0.35,0.3,120.69379397908008
0.35,0.31,120.17244224627775
0.35,0.32,119.75618411121941
0.35,0.33,119.43939926964704
0.35,0.34,119.21673842976678
0.35,0.35,119.08311867503114
0.35,0.36,119.03371729381129
0.35,0.37,119.06396439820416
0.35,0.38,119.1695346147958
0.35,0.39,119.34633809275047
0.35,0.4,119.59051103971466
0.35,0.41,119.89840596408504
0.35,0.42,120.2665817733562
0.35,0.43,120.69179385253925
0.35,0.44,121.17098422395807
0.35,0.45,121.70127186991216
0.35,0.46,122.27994328254735
0.35,0.47,122.90444329056996
0.35,0.48,123.57236619992503
0.35,0.49,124.28144727502112
0.35,0.5,125.02955457826283
0.35,0.51,125.81468117835922
0.35,0.52,126.63493773189421
0.35,0.53,127.48854543779768
0.35,0.54,128.37382936048334
0.35,0.55,129.28921211436872
0.35,0.56,130.2332079001421
0.35,0.57,131.20441688137427
0.35,0.58,132.2015198887936
0.35,0.59,133.22327343866883
0.35,0.6,134.2685050511977
0.35,0.61,135.3361088545235
0.35,0.62,136.42504145994414
0.35,0.63,137.5343180939935
0.35,0.64,138.66300897331476
0.35,0.65,139.81023590861201
0.35,0.66,140.97516912438383
0.35,0.67,142.1570242816381
0.35,0.68,143.3550596913107
0.35,0.69,144.56857370666353
0.35,0.7,145.79690228350134
0.35,0.71,147.03941669761608
0.35,0.72,148.29552140943213
0.35,0.73,149.56465206638296
0.35,0.74,150.84627363409223
0.35,0.75,152.1398786479557
0.35,0.76,153.4449855772331
0.35,0.77,154.7611372942357
0.35,0.78,156.08789964166814
0.35,0.79,157.42486009161712
0.35,0.8,158.77162649010359
0.35,0.81,160.12782588150372
0.35,0.82,161.49310340752683
0.35,0.83,162.86712127578298
0.35,0.84,164.24955779330335
0.35,0.85,165.64010646069627
0.35,0.86,167.03847512289974
0.35,0.87,168.44438517277533
0.35,0.88,169.8575708040369
0.35,0.89,171.27777831024738
0.35,0.9,172.70476542684156
0.35,0.91,174.1383007133374
0.35,0.92,175.57816297309623
0.35,0.93,177.0241407081644
0.35,0.94,178.47603160691324
0.35,0.95,179.93364206232897
0.35,0.96,181.39678671897158
0.35,0.97,182.86528804674396
0.35,0.98,184.33897593974046
0.35,0.99,185.81768733857092
0.35,1.0,187.3012658746519
0.36,0.05,188.24085800039046
0.36,0.06,182.77659375835117
0.36,0.07,177.58731568618617
0.36,0.08,172.67027685942566
0.36,0.09,168.0219020557427
0.36,0.1,163.63783111636926
0.36,0.11,159.51297376778734
0.36,0.12,155.6415741041364
0.36,0.13,152.017282652711
0.36,0.14,148.63323379343828
0.36,0.15,145.48212627761748
0.36,0.16,142.55630468006947
0.36,0.17,139.84783980266388
0.36,0.18,137.34860630161216
0.36,0.19,135.05035610992994
0.36,0.2,132.94478654522925
0.36,0.21,131.0236023098907
0.36,0.22,129.2785708884773
0.36,0.23,127.70157111375183
0.36,0.24,126.28463490032874
0.36,0.25,125.01998233053469
0.36,0.26,123.90005042052935
0.36,0.27,122.91751599870021
0.36,0.28,122.06531319697032
0.36,0.29,121.33664609403549
0.36,0.3,120.72499706305078
0.36,0.31,120.2241313702113
0.36,0.32,119.82809854985236
0.36,0.33,119.53123105043001
0.36,0.34,119.32814060765232
0.36,0.35,119.21371275907659
0.36,0.36,119.18309987100233
0.36,0.37,119.23171300525527
0.36,0.38,119.35521291174852
0.36,0.39,119.54950039342576
0.36,0.4,119.81070625388298
0.36,0.41,120.13518100493579
0.36,0.42,120.51948448177083
0.36,0.43,120.96037548703723
0.36,0.44,121.45480156218805
0.36,0.45,121.9998889643533
0.36,0.46,122.5929329097975
0.36,0.47,123.23138813030812
0.36,0.48,123.91285977643236
0.36,0.49,124.63509469105422
0.36,0.5,125.39597306815429
0.36,0.51,126.19350050447237
0.36,0.52,127.02580044600913
0.36,0.53,127.89110702665242
0.36,0.54,128.78775829253536
0.36,0.55,129.71418980287385
0.36,0.56,130.66892859586704
0.36,0.57,131.6505875066446
0.36,0.58,132.6578598231339
0.36,0.59,133.68951426499078
0.36,0.6,134.74439027033324
0.36,0.61,135.82139357486957
0.36,0.62,136.91949206806677
0.36,0.63,138.0377119112253
0.36,0.64,139.17513390266845
0.36,0.65,140.33089007569424
0.36,0.66,141.50416051544371
0.36,0.67,142.69417038139082
0.36,0.68,143.90018712275872
0.36,0.69,145.12151787475932
0.36,0.7,146.3575070241745
0.36,0.71,147.60753393340616
0.36,0.72,148.8710108127237
0.36,0.73,150.14738073103257
0.36,0.74,151.43611575604973
0.36,0.75,152.73671521533552
0.36,0.76,154.04870407014857
0.36,0.77,155.37163139460645
0.36,0.78,156.70506895310592
0.36,0.79,158.04860986942165
0.36,0.8,159.40186738132886
0.36,0.81,160.7644736749993
0.36,0.82,162.1360787938155
0.36,0.83,163.51634961659255
0.36,0.84,164.90496890054843
0.36,0.85,166.30163438467372
0.36,0.86,167.70605794944893
0.36,0.87,169.11796482913743
0.36,0.88,170.53709287313958
0.36,0.89,171.96319185313365
0.36,0.9,173.39602281295907
0.36,0.91,174.8353574584019
0.36,0.92,176.28097758424522
0.36,0.93,177.73267453612107
0.36,0.94,179.19024870487846
0.36,0.95,180.65350905133332
0.36,0.96,182.12227265941752
0.36,0.97,183.59636431587802
0.36,0.98,185.07561611480597
0.36,0.99,186.55986708539027
0.36,1.0,188.04896284140577
0.37,0.05,188.06786787434896
0.37,0.06,182.58252265712093
0.37,0.07,177.37637353911327
0.37,0.08,172.44649395550854
0.37,0.09,167.7891068651048
0.37,0.1,163.39963140834342
0.37,0.11,159.27274139864946
0.37,0.12,155.40243370120794
0.37,0.13,151.78210427061478
0.37,0.14,148.40462947348135
0.37,0.15,145.26245031176572
0.37,0.16,142.34765727362702
0.37,0.17,139.6520737486782
0.37,0.18,137.16733622658762
0.37,0.19,134.88496982367022
0.37,0.2,132.79645802475417
0.37,0.21,130.8933058643707
0.37,0.22,129.16709608445836
0.37,0.23,127.60953808295557
0.37,0.24,126.21250970171677
0.37,0.25,124.96809209042907
0.37,0.26,123.86859802636239
0.37,0.27,122.9065941711995
0.37,0.28,122.07491781070523
0.37,0.29,121.36668865631397
0.37,0.3,120.77531629573294
0.37,0.31,120.29450386802833
0.37,0.32,119.918248512517
0.37,0.33,119.64083910461348
0.37,0.34,119.45685174928857
0.37,0.35,119.36114345701877
0.37,0.36,119.34884438036865
0.37,0.37,119.4153489434142
0.37,0.38,119.55630615231492
0.37,0.39,119.76760933432362
0.37,0.4,120.04538551487079
0.37,0.41,120.38598460833155
0.37,0.42,120.78596856772513
0.37,0.43,121.2421006118275
0.37,0.44,121.7513346248236
0.37,0.45,122.31080480344018
0.37,0.46,122.91781560922344
0.37,0.47,123.56983206896412
0.37,0.48,124.26447045394268
0.37,0.49,124.99948935839085
0.37,0.5,125.7727811890939
0.37,0.51,126.58236407112832
0.37,0.52,127.42637416914955
0.37,0.53,128.30305841919608
0.37,0.54,129.21076766250266
0.37,0.55,130.14795017014737
0.37,0.56,131.1131455453758
0.37,0.57,132.10497898902636
0.37,0.58,133.12215591252365
0.37,0.59,134.16345688233378
0.37,0.6,135.2277328795028
0.37,0.61,136.31390085788058
0.37,0.62,137.42093958479813
0.37,0.63,138.54788574829027
0.37,0.64,139.69383031539067
0.37,0.65,140.8579151265464
0.37,0.66,142.0393297117797
0.37,0.67,143.23730831484974
0.37,0.68,144.45112711230942
0.37,0.69,145.68010161501212
0.37,0.7,146.9235842402852
0.37,0.71,148.18096204363164
0.37,0.72,149.4516545994693
0.37,0.73,150.73511202103202
0.37,0.74,152.03081311015706
0.37,0.75,153.33826362826434
0.37,0.76,154.65699468037573
0.37,0.77,155.98656120455288
0.37,0.78,157.3265405596258
0.37,0.79,158.6765312045573
0.37,0.8,160.0361514632278
0.37,0.81,161.4050383688489
0.37,0.82,162.78284658260054
0.37,0.83,164.16924738145926
0.37,0.84,165.56392771052842
0.37,0.85,166.9665892955038
0.37,0.86,168.37694781120942
0.37,0.87,169.79473210242014
0.37,0.88,171.21968345345377
0.37,0.89,172.65155490325074
0.37,0.9,174.09011060289959
0.37,0.91,175.53512521276875
0.37,0.92,176.98638333660895
0.37,0.93,178.44367899017
0.37,0.94,179.90681510205022
0.37,0.95,181.3756030446522
0.37,0.96,182.8498621932673
0.37,0.97,184.3294195114521
0.37,0.98,185.81410916097929
0.37,0.99,187.30377213476962
0.37,1.0,188.79825591132442
0.38,0.05,187.9041004510528
0.38,0.06,182.3991637544471
0.38,0.07,177.17751460377886
0.38,0.08,172.2360472837041
0.38,0.09,167.57078380304208
0.38,0.1,163.17692390711332
0.38,0.11,159.0489072883298
0.38,0.12,155.18048589823508
0.38,0.13,151.5648039778875
0.38,0.14,148.19448328559378
0.38,0.15,145.06171100757192
0.38,0.16,142.1583279718178
0.38,0.17,139.4759150231142
0.38,0.18,137.0058757278305
0.38,0.19,134.73951393012848
0.38,0.2,132.66810504790095
0.38,0.21,130.78296035329092
0.38,0.22,129.07548381068824
0.38,0.23,127.53722133240306
0.38,0.24,126.159902552017
0.38,0.25,124.93547540566414
0.38,0.26,123.85613395372677
0.38,0.27,122.9143399737356
0.38,0.28,122.10283891522266
0.38,0.29,121.41467083520492
0.38,0.3,120.8431769352576
0.38,0.31,120.38200230380912
0.38,0.32,120.02509543574295
0.38,0.33,119.7667050602875
0.38,0.34,119.60137476131072
0.38,0.35,119.52393582459636
0.38,0.36,119.52949869676307
0.38,0.37,119.61344339194629
0.38,0.38,119.77140913636062
0.38,0.39,119.99928349819886
0.38,0.4,120.29319121141212
0.38,0.41,120.64948286696381
0.38,0.42,121.06472361414093
0.38,0.43,121.53568198730288
0.38,0.44,122.05931894984985
0.38,0.45,122.63277722688579
0.38,0.46,123.25337098077458
0.38,0.47,123.9185758691928
0.38,0.48,124.6260195130833
0.38,0.49,125.37347239180701
0.38,0.5,126.15883917450712
0.38,0.51,126.98015048997782
0.38,0.52,127.83555513196318
0.38,0.53,128.72331269257216
0.38,0.54,129.6417866132254
0.38,0.55,130.58943764008396
0.38,0.56,131.56481766910971
0.38,0.57,132.56656396466263
0.38,0.58,133.59339373474444
0.38,0.59,134.64409904557516
0.38,0.6,135.71754205804837
0.38,0.61,136.81265056871771
0.38,0.62,137.92841383824296
0.38,0.63,139.0638786906512
0.38,0.64,140.21814586728613
0.38,0.65,141.39036661993106
0.38,0.66,142.57973952823247
0.38,0.67,143.7855075272451
0.38,0.68,145.0069551316197
0.38,0.69,146.24340584366203
0.38,0.7,147.49421973319645
0.38,0.71,148.75879117785686
0.38,0.72,150.03654675310366
0.38,0.73,151.32694326191427
0.38,0.74,152.62946589471946
0.38,0.75,153.9436265107631
0.38,0.76,155.26896203262527
0.38,0.77,156.60503294619454
0.38,0.78,157.9514218988891
0.38,0.79,159.30773238940438
0.38,0.8,160.6735875427264
0.38,0.81,162.04862896457206
0.38,0.82,163.4325156698219
0.38,0.83,164.8249230798855
0.38,0.84,166.22554208429182
0.38,0.85,167.63407816212145
0.38,0.86,169.05025055920922
0.38,0.87,170.47379151732412
0.38,0.88,171.9044455518072
0.38,0.89,173.34196877438802
0.38,0.9,174.78612825813605
0.38,0.91,176.23670144171368
0.38,0.92,177.69347557029818
0.38,0.93,179.15624717072606
0.38,0.94,180.62482155858123
0.38,0.95,182.09901237511244
0.38,0.96,183.57864115200965
0.38,0.97,185.06353690220865
0.38,0.98,186.55353573502018
0.38,0.99,188.04848049399806
0.38,1.0,189.5482204160724
0.39,0.05,187.74895262784952
0.39,0.06,182.2258150058416
0.39,0.07,176.9899449234666
0.39,0.08,172.0380578931757
0.39,0.09,167.36597571915834
0.39,0.1,162.96867992230275
0.39,0.11,158.8403777199114
0.39,0.12,154.97457830782238
0.39,0.13,151.3641769036852
0.39,0.14,148.0015438811976
0.39,0.15,144.87861635013513
0.39,0.16,141.98698969693785
0.39,0.17,139.31800686717511
0.39,0.18,136.8628435115093
0.39,0.19,134.61258749755942
0.39,0.2,132.55831168099903
0.39,0.21,130.69113920529463
0.39,0.22,129.00230094200825
0.39,0.23,127.48318498040462
0.39,0.24,126.1253783199626
0.39,0.25,124.92070111098833
0.39,0.26,123.86123392921019
0.39,0.27,122.9393386649064
0.39,0.28,122.14767366209416
0.39,0.29,121.47920376552774
0.39,0.3,120.92720592958082
0.39,0.31,120.48527101992968
0.39,0.32,120.14730240194496
0.39,0.33,119.90751186366025
0.39,0.34,119.76041336999056
0.39,0.35,119.70081509162674
0.39,0.36,119.72381009903056
0.39,0.37,119.82476606088505
0.39,0.38,119.99931423835743
0.39,0.39,120.24333802229988
0.39,0.4,120.5529612204424
0.39,0.41,120.9245362658246
0.39,0.42,121.35463248612035
0.39,0.43,121.8400245459444
0.39,0.44,122.3776811504156
0.39,0.45,122.96475407789366
0.39,0.46,123.59856759254053
0.39,0.47,124.2766082728757
0.39,0.48,124.99651528044174
0.39,0.49,125.75607108277808
0.39,0.5,126.55319263682095
0.39,0.51,127.38592303234978
0.39,0.52,128.25242358994217
0.39,0.53,129.15096640388717
0.39,0.54,130.07992731743803
0.39,0.55,131.0377793155206
0.39,0.56,132.02308631840046
0.39,0.57,133.03449735873997
0.39,0.58,134.0707411238431
0.39,0.59,135.13062084460347
0.39,0.6,136.21300951267457
0.39,0.61,137.31684540759665
0.39,0.62,138.44112791601145
0.39,0.63,139.58491362560937
0.39,0.64,140.74731267707278
0.39,0.65,141.9274853579534
0.39,0.66,143.12463892315114
0.39,0.67,144.33802462739985
0.39,0.68,145.56693495593314
0.39,0.69,146.81070104025412
0.39,0.7,148.06869024667836
0.39,0.71,149.34030392604976
0.39,0.72,150.6249753137361
0.39,0.73,151.92216756968799
0.39,0.74,153.231371948996
0.39,0.75,154.55210609400496
0.39,0.76,155.88391243962988
0.39,0.77,157.2263567240796
0.39,0.78,158.57902659771577
0.39,0.79,159.9415303232744
0.39,0.8,161.31349556114478
0.39,0.81,162.6945682338299
0.39,0.82,164.0844114641297
0.39,0.83,165.48270458196322
0.39,0.84,166.88914219510966
0.39,0.85,168.30343331947466
0.39,0.86,169.725300564802
0.39,0.87,171.1544793720397
0.39,0.88,172.5907172988353
0.39,0.89,174.033773349888
0.39,0.9,175.48341734911517
0.39,0.91,176.93942935080744
0.39,0.92,178.40159908714747
0.39,0.93,179.86972544965033
0.39,0.94,181.3436160022604
0.39,0.95,182.82308652399425
0.39,0.96,184.3079605791738
0.39,0.97,185.7980691134273
0.39,0.98,187.29325007376067
0.39,0.99,188.79334805113064
0.39,1.0,190.29821394404848
0.4,0.05,187.6018782389517
0.4,0.06,182.0618415187736
0.4,0.07,176.81294747657157
0.4,0.08,171.85173310304546
0.4,0.09,167.17382060475768
0.4,0.1,162.7739743010828
0.4,0.11,158.64617042357503
0.4,0.12,154.78367740518016
0.4,0.13,151.17914395636052
0.4,0.14,147.82469210668535
0.4,0.15,144.71201243559938
0.4,0.16,141.83245890281233
0.4,0.17,139.17714098550587
0.4,0.18,136.7370112003727
0.4,0.19,134.50294649757626
0.4,0.2,132.4658224289721
0.4,0.21,130.61657938830277
0.4,0.22,128.94628057757637
0.4,0.23,127.44616165952401
0.4,0.24,126.10767230527004
0.4,0.25,124.92251003860724
0.4,0.26,123.88264691679136
0.4,0.27,122.98034967829398
0.4,0.28,122.20819403754146
0.4,0.29,121.55907382287421
0.4,0.3,121.02620564413786
0.4,0.31,120.60312974721084
0.4,0.32,120.28370767026033
0.4,0.33,120.06211726554524
0.4,0.34,119.93284559510693
0.4,0.35,119.89068015180577
0.4,0.36,119.93069880115581
0.4,0.37,120.04825878590883
0.4,0.38,120.23898508542715
0.4,0.39,120.49875837618691
0.4,0.4,120.82370279859065
0.4,0.41,121.21017369868514
0.4,0.42,121.6547454812756
0.4,0.43,122.15419968304093
0.4,0.44,122.70551335029651
0.4,0.45,123.30584778565469
0.4,0.46,123.9525377106407
0.4,0.47,124.64308087695444
0.4,0.48,125.37512814720289
0.4,0.49,126.14647405620221
0.4,0.5,126.95504785609364
0.4,0.51,127.79890504224306
0.4,0.52,128.6762193519682
0.4,0.53,129.58527522433454
0.4,0.54,130.52446070641807
0.4,0.55,131.4922607893564
0.4,0.56,132.48725115609034
0.4,0.57,133.50809232179728
0.4,0.58,134.55352414754154
0.4,0.59,135.62236070753534
0.4,0.6,136.7134854905312
0.4,0.61,137.8258469162068
0.4,0.62,138.95845414790847
0.4,0.63,140.1103731837196
0.4,0.64,141.28072320853744
0.4,0.65,142.46867319058182
0.4,0.66,143.6734387065583
0.4,0.67,144.89427898050553
0.4,0.68,146.13049412215844
0.4,0.69,147.38142255147483
0.4,0.7,148.64643859674794
0.4,0.71,149.92495025449688
0.4,0.72,151.21639710006355
0.4,0.73,152.5202483385523
0.4,0.74,153.83600098642114
0.4,0.75,155.1631781746757
0.4,0.76,156.50132756522623
0.4,0.77,157.85001987253767
0.4,0.78,159.20884748324713
0.4,0.79,160.57742316692332
0.4,0.8,161.95537887162948
0.4,0.81,163.34236459838155
0.4,0.82,164.738047349023
0.4,0.83,166.14211014241783
0.4,0.84,167.55425109422706
0.4,0.85,168.97418255587297
0.4,0.86,170.40163030860606
0.4,0.87,171.83633280888432
0.4,0.88,173.27804048154294
0.4,0.89,174.72651505748655
0.4,0.9,176.18152895286818
0.4,0.91,177.64286468693632
0.4,0.92,179.11031433593368
0.4,0.93,180.58367902061602
0.4,0.94,182.06276842513543
0.4,0.95,183.54740034518738
0.4,0.96,185.03740026347816
0.4,0.97,186.532600950697
0.4,0.98,188.03284209031222
0.4,0.99,189.53796992562894
0.4,1.0,191.04783692764892
0.41,0.05,187.46238234002033
0.41,0.06,181.90666870610124
0.41,0.07,176.64587421303062
0.41,0.08,171.67635744062173
0.41,0.09,166.9935414563197
0.41,0.1,162.5919742449125
0.41,0.11,158.46540237901124
0.41,0.12,154.60685535276673
0.41,0.13,151.0087377107003
0.41,0.14,147.6629259970324
0.41,0.15,144.56086761788015
0.41,0.16,141.6936789238403
0.41,0.17,139.05224014870646
0.41,0.18,136.62728524229368
0.41,0.19,134.40948507315952
0.41,0.2,132.38952291660058
0.41,0.21,130.558161557679
0.41,0.22,128.90630170896907
0.41,0.23,127.4250317566157
0.41,0.24,126.1056691011861
0.41,0.25,124.9397935520515
0.41,0.26,123.91927336978752
0.41,0.27,123.03628463695752
0.41,0.28,122.2833246814553
0.41,0.29,121.65322028649796
0.41,0.3,121.13913140520646
0.41,0.31,120.73455106255496
0.41,0.32,120.43330207942425
0.41,0.33,120.2295311976026
0.41,0.34,120.11770112487501
0.41,0.35,120.0925809588911
0.41,0.36,120.14923538958489
0.41,0.37,120.28301302407961
0.41,0.38,120.48953412627534
0.41,0.39,120.76467801624055
0.41,0.4,121.10457033235355
0.41,0.41,121.50557032186047
0.41,0.42,121.96425829294985
0.41,0.43,122.47742333330234
0.41,0.44,123.04205137601045
0.41,0.45,123.65531367337378
0.41,0.46,124.3145557219743
0.41,0.47,125.01728666822895
0.41,0.48,125.76116921193689
0.41,0.49,126.54401001583582
0.41,0.5,127.36375062155994
0.41,0.51,128.21845886634816
0.41,0.52,129.1063207901593
0.41,0.53,130.02563301927785
0.41,0.54,130.97479560985778
0.41,0.55,131.95230533297737
0.41,0.56,132.95674938155457
0.41,0.57,133.98679947872822
0.41,0.58,135.0412063670094
0.41,0.59,136.1187946575031
0.41,0.6,137.21845801877086
0.41,0.61,138.3391546853532
0.41,0.62,139.47990326658154
0.41,0.63,140.6397788370105
0.41,0.64,141.8179092905895
0.41,0.65,143.01347194151774
0.41,0.66,144.2256903555859
0.41,0.67,145.453831396669
0.41,0.68,146.69720247389952
0.41,0.69,147.95514897589567
0.41,0.7,149.227051879244
0.41,0.71,150.51232551923542
0.41,0.72,151.81041551162028
0.41,0.73,153.1207968148825
0.41,0.74,154.44297192322514
0.41,0.75,155.77646918112816
0.41,0.76,157.1208412109541
0.41,0.77,158.4756634456757
0.41,0.78,159.84053275934116
0.41,0.79,161.21506618841892
0.41,0.8,162.59889973764396
0.41,0.81,163.99168726444202
0.41,0.82,165.39309943643008
0.41,0.83,166.80282275688435
0.41,0.84,168.2205586534399
0.41,0.85,169.64602262561345
0.41,0.86,171.07894344707404
0.41,0.87,172.51906241886851
0.41,0.88,173.96613267008817
0.41,0.89,175.41991850271222
0.41,0.9,176.88019477760503
0.41,0.91,178.34674633885524
0.41,0.92,179.81936747384833
0.41,0.93,181.29786140665817
0.41,0.94,182.78203982250596
0.41,0.95,184.27172242120287
0.41,0.96,185.76673649764032
0.41,0.97,187.26691654752622
0.41,0.98,188.77210389669898
0.41,0.99,190.2821463524619
0.41,1.0,191.79689787549984
0.42,0.05,187.33001612144645
0.42,0.06,181.75977620617525
0.42,0.07,176.48813899781055
0.42,0.08,171.51128462868655
0.42,0.09,166.82443733081791
0.42,0.1,162.42192946084734
0.42,0.11,158.2972790942316
0.42,0.12,154.4432784414099
0.42,0.13,150.85209004916322
0.42,0.14,147.51534765758288
0.42,0.15,144.4242586736531
0.42,0.16,141.56970546762446
0.42,0.17,138.94234305936388
0.42,0.18,136.53269119633347
0.42,0.19,134.3312192917972
0.42,0.2,132.3284231557578
0.42,0.21,130.51489288413785
0.42,0.22,128.88137165452284
0.42,0.23,127.41880549819219
0.42,0.24,126.1183843739992
0.42,0.25,124.97157506121374
0.42,0.26,123.97014652083816
0.42,0.27,123.10618845564103
0.42,0.28,122.37212383682022
0.42,0.29,121.76071616856498
0.42,0.3,121.26507223914027
0.42,0.31,120.87864106583135
0.42,0.32,120.59520968747975
0.42,0.33,120.40889639757431
0.42,0.34,120.31414194697118
0.42,0.35,120.30569918140296
0.42,0.36,120.37862151718055
0.42,0.37,120.52825060041297
0.42,0.38,120.7502034416043
0.42,0.39,121.0403592691128
0.42,0.4,121.39484630185426
0.42,0.41,121.81002860371696
0.42,0.42,122.28249314919678
0.42,0.43,122.80903720141383
0.42,0.44,123.38665607954125
0.42,0.45,124.01253137233805
0.42,0.46,124.68401963749527
0.42,0.47,125.39864161247591
0.42,0.48,126.15407195106258
0.42,0.49,126.94812949055503
0.42,0.5,127.77876804717982
0.42,0.51,128.64406773147462
0.42,0.52,129.54222677095478
0.42,0.53,130.4715538240236
0.42,0.54,131.4304607666685
0.42,0.55,132.41745593181594
0.42,0.56,133.43113778017144
0.42,0.57,134.47018898081117
0.42,0.58,135.5333708796357
0.42,0.59,136.61951833394048
0.42,0.6,137.72753489175383
0.42,0.61,138.85638829515662
0.42,0.62,140.00510628750698
0.42,0.63,141.17277270529712
0.42,0.64,142.3585238362211
0.42,0.65,143.5615450259485
0.42,0.66,144.7810675170026
0.42,0.67,146.01636550407719
0.42,0.68,147.26675339102283
0.42,0.69,148.53158323563292
0.42,0.7,149.8102423692179
0.42,0.71,151.10215117878874
0.42,0.72,152.40676104046628
0.42,0.73,153.7235523934899
0.42,0.74,155.05203294491608
0.42,0.75,156.39173599578186
0.42,0.76,157.74221888014105
0.42,0.77,159.1030615089872
0.42,0.78,160.47386501164215
0.42,0.79,161.85425046771044
0.42,0.8,163.24385772320088
0.42,0.81,164.64234428487262
0.42,0.82,166.04938428728934
0.42,0.83,167.4646675274689
0.42,0.84,168.8878985623852
0.42,0.85,170.31879586491843
0.42,0.86,171.7570910341793
0.42,0.87,173.20252805641968
0.42,0.88,174.65486261302473
0.42,0.89,176.11386143232914
0.42,0.9,177.57930168224854
0.42,0.91,179.05097040091673
0.42,0.92,180.5286639627443
0.42,0.93,182.01218757748325
0.42,0.94,183.50135482006726
0.42,0.95,184.9959871891527
0.42,0.96,186.4959136924344
0.42,0.97,188.00097045695483
0.42,0.98,189.51100036273706
0.42,0.99,191.02585269821188
0.42,1.0,192.54538283599717
0.43,0.05,187.20437237771932
0.43,0.06,181.6206924788644
0.43,0.07,176.33921135160793
0.43,0.08,171.3559304920534
0.43,0.09,166.66587544245738
0.43,0.1,162.26316347579163
0.43,0.11,158.1410851675184
0.43,0.12,154.29219693275442
0.43,0.13,150.70842131994914
0.43,0.14,147.38115177486387
0.43,0.15,144.30135870466555
0.43,0.16,141.4596939487796
0.43,0.17,138.84659115821205
0.43,0.18,136.45236005256032
0.43,0.19,134.26727302034297
0.43,0.2,132.2816430163944
0.43,0.21,130.48589216131262
0.43,0.22,128.8706108429907
0.43,0.23,127.42660744845331
0.43,0.24,126.1449491122595
0.43,0.25,125.01699405790315
0.43,0.26,124.03441623709433
0.43,0.27,123.18922304692315
0.43,0.28,122.47376693607426
0.43,0.29,121.88075170782645
0.43,0.3,121.40323429827403
0.43,0.31,121.03462276073397
0.43,0.32,120.76867112812617
0.43,0.33,120.59947175949914
0.43,0.34,120.52144570888154
0.43,0.35,120.52933158732439
0.43,0.36,120.61817332451348
0.43,0.37,120.78330717609974
0.43,0.38,121.02034826779182
0.43,0.39,121.32517691767029
0.43,0.4,121.69392493422254
0.43,0.41,122.12296204912575
0.43,0.42,122.60888261050098
0.43,0.43,123.14849263386562
0.43,0.44,123.7387972838555
0.43,0.45,124.37698883952937
0.43,0.46,125.06043517923435
0.43,0.47,125.786668807187
0.43,0.48,126.55337643267853
0.43,0.49,127.35838910379633
0.43,0.5,128.1996728904158
0.43,0.51,129.07532010567675
0.43,0.52,129.98354105093634
0.43,0.53,130.92265626608352
0.43,0.54,131.89108926489035
0.43,0.55,132.88735973361642
0.43,0.56,133.91007717021287
0.43,0.57,134.9579349410923
0.43,0.58,136.029704732422
0.43,0.59,137.1242313731879
0.43,0.6,138.24042800779003
0.43,0.61,139.37727159661773
0.43,0.62,140.53379872385386
0.43,0.63,141.70910169264587
0.43,0.64,142.9023248887301
0.43,0.65,144.11266139455853
0.43,0.66,145.33934983696028
0.43,0.67,146.58167145235004
0.43,0.68,147.83894735444042
0.43,0.69,149.11053599036026
0.43,0.7,150.39583077197076
0.43,0.71,151.69425787003505
0.43,0.72,153.0052741597233
0.43,0.73,154.3283653067103
0.43,0.74,155.66304398386572
0.43,0.75,157.00884820923386
0.43,0.76,158.36533979665035
0.43,0.77,159.7321029109609
0.43,0.78,161.10874272038527
0.43,0.79,162.4948841390958
0.43,0.8,163.89017065359536
0.43,0.81,165.29426322693286
0.43,0.82,166.7068392752367
0.43,0.83,168.12759171144924
0.43,0.84,169.5562280515142
0.43,0.85,170.99246957862462
0.43,0.86,172.4360505614554
0.43,0.87,173.88671752260478
0.43,0.88,175.34422855374956
0.43,0.89,176.80835267426386
0.43,0.9,178.27886923030698
0.43,0.91,179.7555673315859
0.43,0.92,181.2382453232119
0.43,0.93,182.7267102902604
0.43,0.94,184.22077759280603
0.43,0.95,185.72027042937972
0.43,0.96,187.22501942692935
0.43,0.97,188.73486225551605
0.43,0.98,190.24964326609492
0.43,0.99,191.76921314985054
0.43,1.0,193.2934286176708
0.44,0.05,187.0850814684373
0.44,0.06,181.48898999737975
0.44,0.07,176.19861089223667
0.44,0.08,171.20976666987895
0.44,0.09,166.51728416980927
0.44,0.1,162.1150659647983
0.44,0.11,157.9961759654977
0.44,0.12,154.15293611776522
0.44,0.13,150.57703080837612
0.44,0.14,147.25961553476867
0.44,0.15,144.1914265378259
0.44,0.16,141.36288840685688
0.44,0.17,138.76421709630534
0.44,0.18,136.38551629504147
0.44,0.19,134.21686561522134
0.44,0.2,132.24839957987354
0.44,0.21,130.4703768573773
0.44,0.22,128.87323959760155
0.44,0.23,127.44766305869891
0.44,0.24,126.18459597303708
0.44,0.25,125.07529228886108
0.44,0.26,124.11133504819367
0.44,0.27,123.28465323054388
0.44,0.28,122.5875324163049
0.44,0.29,122.01262011328217
0.44,0.3,121.55292655371477
0.44,0.31,121.2018217154286
0.44,0.32,120.9530292560295
0.44,0.33,120.80061797862244
0.44,0.34,120.73899137551716
0.44,0.35,120.76287572576014
0.44,0.36,120.86730715520449
0.44,0.37,121.04761800554712
0.44,0.38,121.29942280210305
0.44,0.39,121.61860405938131
0.44,0.4,122.00129811878534
0.44,0.41,122.44388117378848
0.44,0.42,122.94295560435427
0.44,0.43,123.4953367137638
0.44,0.44,124.09803993687801
0.44,0.45,124.7482685687122
0.44,0.46,125.44340204554635
0.44,0.47,126.18098479718655
0.44,0.48,126.95871567799392
0.44,0.49,127.77443797553939
0.44,0.5,128.6261299888634
0.44,0.51,129.51189616303606
0.44,0.52,130.42995876273727
0.44,0.53,131.378650064703
0.44,0.54,132.35640504689283
0.44,0.55,133.36175455097307
0.44,0.56,134.39331889403218
0.44,0.57,135.44980190522767
0.44,0.58,136.52998536320862
0.44,0.59,137.63272381059116
0.44,0.6,138.75693972239236
0.44,0.61,139.90161900613336
0.44,0.62,141.06580681221567
0.44,0.63,142.24860363415544
0.44,0.64,143.44916167928213
0.44,0.65,144.66668149153497
0.44,0.66,145.90040880904544
0.44,0.67,147.14963164020864
0.44,0.68,148.4136775429522
0.44,0.69,149.69191109288667
0.44,0.7,150.98373152694683
0.44,0.71,152.2885705500317
0.44,0.72,153.6058902929976
0.44,0.73,154.93518141115817
0.44,0.74,156.2759613132084
0.44,0.75,157.62777251120227
0.44,0.76,158.9901810828758
0.44,0.77,160.3627752382428
0.44,0.78,161.74516398296996
0.44,0.79,163.13697587158578
0.44,0.8,164.53785784408095
0.44,0.81,165.94747413994267
0.44,0.82,167.36550528408875
0.44,0.83,168.79164713958633
0.44,0.84,170.225610022416
0.44,0.85,171.66711787388687
0.44,0.86,173.11590748663994
0.44,0.87,174.57172778047453
0.44,0.88,176.0343391245069
0.44,0.89,177.5035127024381
0.44,0.9,178.9790299179286
0.44,0.91,180.4606818373186
0.44,0.92,181.94826866711665
0.44,0.93,183.44159926387943
0.44,0.94,184.94049067427503
0.44,0.95,186.4447677032839
0.44,0.96,187.95426250863665
0.44,0.97,189.46881421973094
0.44,0.98,190.98826857939204
0.44,0.99,192.51247760695853
0.44,1.0,194.04129928128958
0.45,0.05,186.97180771387977
0.45,0.06,181.36428096526572
0.45,0.07,176.0659023920063
0.45,0.08,171.0723150345149
0.45,0.09,166.37814685929786
0.45,0.1,161.97708596429575
0.45,0.11,157.86197027300426
0.45,0.12,154.0248884317167
0.45,0.13,150.45728834683322
0.45,0.14,147.15008975839476
0.45,0.15,144.09379741865018
0.45,0.16,141.27861178962533
0.45,0.17,138.69453464057472
0.45,0.18,136.33146746203786
0.45,0.19,134.1793011692785
0.45,0.2,132.2279961038981
0.45,0.21,130.46765182864314
0.45,0.22,128.8885666278862
0.45,0.23,127.4812869657368
0.45,0.24,126.2366474139097
0.45,0.25,125.14580174684461
0.45,0.26,124.20024602038629
0.45,0.27,123.39183451287843
0.45,0.28,122.7127894246872
0.45,0.29,122.15570521449155
0.45,0.3,121.71354840771833
0.45,0.31,121.37965365248373
0.45,0.32,121.14771672812854
0.45,0.33,121.0117851362596
0.45,0.34,120.96624682823511
0.45,0.35,121.00581754919
0.45,0.36,121.12552720902656
0.45,0.37,121.32070562655416
0.45,0.38,121.58696793484347
0.45,0.39,121.92019988410863
0.45,0.4,122.31654323298815
0.45,0.41,122.77238137967954
0.45,0.42,123.28432535058727
0.45,0.43,123.84920023546458
0.45,0.44,124.4640321339574
0.45,0.45,125.12603565844476
0.45,0.46,125.83260202162374
0.45,0.47,126.5812877239111
0.45,0.48,127.36980384500069
0.45,0.49,128.19600593541915
0.45,0.5,129.0578844973198
0.45,0.51,129.9535560387239
0.45,0.52,130.8812546816995
0.45,0.53,131.83932430232207
0.45,0.54,132.82621117849698
0.45,0.55,133.84045712065793
0.45,0.56,134.8806930598653
0.45,0.57,135.9456330677782
0.45,0.58,137.03406878327007
0.45,0.59,138.14486422102175
0.45,0.6,139.2769509381868
0.45,0.61,140.42932353612198
0.45,0.62,141.60103547517696
0.45,0.63,142.791195181599
0.45,0.64,143.9989624266964
0.45,0.65,145.22354495951606
0.45,0.66,146.46419537537983
0.45,0.67,147.72020820370713
0.45,0.68,148.99091719959154
0.45,0.69,150.2756928246132
0.45,0.7,151.57393990333392
0.45,0.71,152.88509544283826
0.45,0.72,154.20862660356147
0.45,0.73,155.5440288104706
0.45,0.74,156.89082399443242
0.45,0.75,158.24855895434243
0.45,0.76,159.6168038312614
0.45,0.77,160.99515068644882
0.45,0.78,162.38321217577763
0.45,0.79,163.78062031355952
0.45,0.8,165.187025319341
0.45,0.81,166.60209454169097
0.45,0.82,168.0255114534589
0.45,0.83,169.4569747133822
0.45,0.84,170.896197289314
0.45,0.85,172.34290563868367
0.45,0.86,173.79683894214054
0.45,0.87,175.2577483866207
0.45,0.88,176.72539649436914
0.45,0.89,178.19955649469708
0.45,0.9,179.68001173549803
0.45,0.91,181.16655513176357
0.45,0.92,182.65898864854606
0.45,0.93,184.15712281600383
0.45,0.94,185.66077627433182
0.45,0.95,187.1697753465498
0.45,0.96,188.68395363726182
0.45,0.97,190.20315165564065
0.45,0.98,191.72721646101567
0.45,0.99,193.25600132956174
0.45,1.0,194.78936544069182
0.46,0.05,186.86424617467313
0.46,0.06,181.24621349638304
0.46,0.07,175.94069137682231
0.46,0.08,170.94314273026265
0.46,0.09,166.247996325795
0.46,0.1,161.84872585826693
0.46,0.11,157.73794378998656
0.46,0.12,153.9075064881828
0.46,0.13,150.34862691321126
0.46,0.14,147.05199109303462
0.46,0.15,144.00787482344123
0.46,0.16,141.20625741532828
0.46,0.17,138.63692981505355
0.46,0.18,136.28959499485245
0.46,0.19,134.1539590964432
0.46,0.2,132.21981237050056
0.46,0.21,130.4770994575341
0.46,0.22,128.91597898327234
0.46,0.23,127.52687278557069
0.46,0.24,126.3005053499378
0.46,0.25,125.2279342127207
0.46,0.26,124.30057220413806
0.46,0.27,123.51020245895918
0.46,0.28,122.84898713232414
0.46,0.29,122.30947073310772
0.46,0.3,121.8845789372806
0.46,0.31,121.56761367738947
0.46,0.32,121.35224522848436
0.46,0.33,121.23250193096008
0.46,0.34,121.20275811092937
0.46,0.35,121.25772068178337
0.46,0.36,121.39241483847987
0.46,0.37,121.60216918999153
0.46,0.38,121.88260061586035
0.46,0.39,122.2295990800858
0.46,0.4,122.63931258950282
0.46,0.41,123.10813244400994
0.46,0.42,123.63267889204674
0.46,0.43,124.20978727601907
0.46,0.44,124.83649472838653
0.46,0.45,125.51002745929321
0.46,0.46,126.22778866039128
0.46,0.47,126.98734703639283
0.46,0.48,127.78642596542348
0.46,0.49,128.62289328103586
0.46,0.5,129.49475166240916
0.46,0.51,130.40012961450137
0.46,0.52,131.3372730164493
0.46,0.53,132.30453721410592
0.46,0.54,133.30037963105605
0.46,0.55,134.3233528715896
0.46,0.56,135.37209828880094
0.46,0.57,136.445339991101
0.46,0.58,137.54187926087306
0.46,0.59,138.66058935970133
0.46,0.6,139.80041069547943
0.46,0.61,140.9603463277115
0.46,0.62,142.1394577884118
0.46,0.63,143.33686119715557
0.46,0.64,144.55172364999024
0.46,0.65,145.7832598630939
0.46,0.66,147.03072905321272
0.46,0.67,148.29343203804024
0.46,0.68,149.57070854078066
0.46,0.69,150.8619346841962
0.46,0.7,152.16652066042462
0.46,0.71,153.4839085638077
0.46,0.72,154.81357037486512
0.46,0.73,156.15500608439473
0.46,0.74,157.5077419474685
0.46,0.75,158.8713288578458
0.46,0.76,160.24534083400872
0.46,0.77,161.62937360868082
0.46,0.78,163.02304331429315
0.46,0.79,164.42598525741496
0.46,0.8,165.8378527757008
0.46,0.81,167.25831617137177
0.46,0.82,168.68706171571654
0.46,0.83,170.12379071949488
0.46,0.84,171.56821866451918
0.46,0.85,173.02007439204493
0.46,0.86,174.4790993439248
0.46,0.87,175.94504685278872
0.46,0.88,177.41768147778643
0.46,0.89,178.89677838269637
0.46,0.9,180.38212275343506
0.46,0.91,181.87350925222586
0.46,0.92,183.37074150588955
0.46,0.93,184.87363162590458
0.46,0.94,186.38199975806248
0.46,0.95,187.89567365969722
0.46,0.96,189.41448830262377
0.46,0.97,190.93828550004923
0.46,0.98,192.46691355585057
0.46,0.99,194.00022693472908
0.46,1.0,195.53808595185606
0.47,0.05,186.7621197709914
0.47,0.06,181.13446820320758
0.47,0.07,175.8226202019603
0.47,0.08,170.82185775639147
0.47,0.09,166.1264099639863
0.47,0.1,161.72953604027967
0.47,0.11,157.62362336760376
0.47,0.12,153.80029691350867
0.47,0.13,150.25053608877823
0.47,0.14,146.9647951189911
0.47,0.15,143.93312324086588
0.47,0.16,141.14528145491067
0.47,0.17,138.59085310949433
0.47,0.18,136.25934619822385
0.47,0.19,134.140285868742
0.47,0.2,132.2232962238105
0.47,0.21,130.49817101437338
0.47,0.22,128.95493326116525
0.47,0.23,127.5838841889464
0.47,0.24,126.3756421166603
0.47,0.25,125.321172124634
0.47,0.26,124.41180742689414
0.47,0.27,123.63926342491825
0.47,0.28,122.99564542110281
0.47,0.29,122.4734509375354
0.47,0.3,122.0655675286468
0.47,0.31,121.76526690365358
0.47,0.32,121.56619609342405
0.47,0.33,121.46236631192163
0.47,0.34,121.44814007874557
0.47,0.35,121.51821708930541
0.47,0.36,121.66761924469876
0.47,0.37,121.89167518549216
0.47,0.38,122.18600461283079
0.47,0.39,122.54650262670643
0.47,0.4,122.9693242645714
0.47,0.41,123.45086938338525
0.47,0.42,123.98776799409075
0.47,0.43,124.57686612884136
0.47,0.44,125.21521229745022
0.47,0.45,125.9000445698854
0.47,0.46,126.62877830565907
0.47,0.47,127.39899453811415
0.47,0.48,128.2084290114354
0.47,0.49,129.05496186028594
0.47,0.5,129.93660791591677
0.47,0.51,130.85150761811136
0.47,0.52,131.79791850910607
0.47,0.53,132.7742072834627
0.47,0.54,133.7788423665365
0.47,0.55,134.81038699352285
0.47,0.56,135.86749276093877
0.47,0.57,136.94889362267116
0.47,0.58,138.0534003033229
0.47,0.59,139.17989510241074
0.47,0.6,140.32732706396666
0.47,0.61,141.49470748720225
0.47,0.62,142.68110575508527
0.47,0.63,143.8856454588898
0.47,0.64,145.10750079802958
0.47,0.65,146.3458932357064
0.47,0.66,147.60008839210946
0.47,0.67,148.8693931580803
0.47,0.68,150.1531530132816
0.47,0.69,151.4507495339888
0.47,0.7,152.7615980766546
0.47,0.71,154.08514562436696
0.47,0.72,155.42086878424084
0.47,0.73,156.76827192464916
0.47,0.74,158.12688544200617
0.47,0.75,159.49626414757105
0.47,0.76,160.8759857654542
0.47,0.77,162.26564953365659
0.47,0.78,163.6648749005887
0.47,0.79,165.07330031008644
0.47,0.8,166.49058206846084
0.47,0.81,167.9163932876156
0.47,0.82,169.35042289870682
0.47,0.83,170.7923747312497
0.47,0.84,172.24196665295352
0.47,0.85,173.6989297659259
0.47,0.86,175.16300765522027
0.47,0.87,176.63395568600097
0.47,0.88,178.11154034587906
0.47,0.89,179.5955386292393
0.47,0.9,181.085737460609
0.47,0.91,182.5819331543433
0.47,0.92,184.0839309081073
0.47,0.93,185.59154432781907
0.47,0.94,187.1045949818918
0.47,0.95,188.62291198277472
0.47,0.96,190.14633159393665
0.47,0.97,191.67469686057694
0.47,0.98,193.20785726246598
0.47,0.99,194.74566838744184
0.47,1.0,196.28799162418952
0.48,0.05,186.66517670198408
0.48,0.06,181.0287551453955
0.48,0.07,175.71136454754063
0.48,0.08,170.70810502841644
0.48,0.09,166.01300539539025
0.48,0.1,161.61911016713822
0.48,0.11,157.51858189021874
0.48,0.12,153.70281487952286
0.48,0.13,150.1625562644767
0.48,0.14,146.88803025262916
0.48,0.15,143.86906179504965
0.48,0.16,141.09519629836245
0.48,0.17,138.55581261190898
0.48,0.18,136.2402271615776
0.48,0.19,134.13778774818593
0.48,0.2,132.23795613377416
0.48,0.21,130.53037907328516
0.48,0.22,129.00494789442513
0.48,0.23,127.6518470787668
0.48,0.24,126.46159255470708
0.48,0.25,125.42506058593065
0.48,0.26,124.53350823924168
0.48,0.27,123.77858645612332
0.48,0.28,123.15234674633226
0.48,0.29,122.64724248140244
0.48,0.3,122.2561257017717
0.48,0.31,121.97224027225599
0.48,0.32,121.78921213387407
0.48,0.33,121.70103731100828
0.48,0.34,121.7020682455589
0.48,0.35,121.78699894684247
0.48,0.36,121.95084936927563
0.48,0.37,122.18894936033774
0.48,0.38,122.49692245934366
0.48,0.39,122.87066977315243
0.48,0.4,123.30635410780334
0.48,0.41,123.80038449471553
0.48,0.42,124.34940121591985
0.48,0.43,124.95026140419269
0.48,0.44,125.60002527025351
0.48,0.45,126.29594298977945
0.48,0.46,127.0354422672745
0.48,0.47,127.8161165812737
0.48,0.48,128.6357141054896
0.48,0.49,129.49212729286856
0.48,0.5,130.3833831037693
0.48,0.51,131.30763385525356
0.48,0.52,132.26314866552087
0.48,0.53,133.2483054655904
0.48,0.54,134.2615835492162
0.48,0.55,135.3015566315649
0.48,0.56,136.36688638723436
0.48,0.57,137.45631643863265
0.48,0.58,138.568666766475
0.48,0.59,139.70282851511695
0.48,0.6,140.8577591665442
0.48,0.61,142.03247805805785
0.48,0.62,143.22606221996227
0.48,0.63,144.43764251086492
0.48,0.64,145.66640002950385
0.48,0.65,146.91156278330303
0.48,0.66,148.17240259511925
0.48,0.67,149.44823223085496
0.48,0.68,150.7384027317854
0.48,0.69,152.04230093655676
0.48,0.7,153.35934717887378
0.48,0.71,154.68899314789053
0.48,0.72,156.03071989926013
0.48,0.73,157.38403600568003
0.48,0.74,158.74847583659422
0.48,0.75,160.12359795748324
0.48,0.76,161.50898363989313
0.48,0.77,162.90423547401744
0.48,0.78,164.30897607626838
0.48,0.79,165.72284688484484
0.48,0.8,167.14550703684301
0.48,0.81,168.57663232093935
0.48,0.82,170.01591420013494
0.48,0.83,171.46305889947357
0.48,0.84,172.91778655402985
0.48,0.85,174.37983041282166
0.48,0.86,175.84893609463592
0.48,0.87,177.32486089206157
0.48,0.88,178.80737312029743
0.48,0.89,180.29625150757428
0.48,0.9,181.7912846242555
0.48,0.91,183.2922703479176
0.48,0.92,184.79901536189575
0.48,0.93,186.31133468498433
0.48,0.94,187.82905123014498
0.48,0.95,189.35199539023455
0.48,0.96,190.8800046489175
0.48,0.97,192.41292321505577
0.48,0.98,193.95060167899783
0.48,0.99,195.4928966893063
0.48,1.0,197.0396706485608
0.49,0.05,186.57318813081608
0.49,0.06,180.92881109643625
0.49,0.07,175.6066302838478
0.49,0.08,170.6015628600281
0.49,0.09,165.90743658566714
0.49,0.1,161.51708093106592
0.49,0.11,157.4224337225512
0.49,0.12,153.6146592462256
0.49,0.13,150.08427350002353
0.49,0.14,146.82127234291167
0.49,0.15,143.8152586005467
0.49,0.16,141.05556468894383
0.49,0.17,138.53136794252234
0.49,0.18,136.23179651270073
0.49,0.19,134.1460243795442
0.49,0.2,132.26335464667915
0.49,0.21,130.5732908382985
0.49,0.22,129.06559636998193
0.49,0.23,127.73034271718006
0.49,0.24,126.55794706031206
0.49,0.25,125.53920035300204
0.49,0.26,124.66528685292816
0.49,0.27,123.92779618713526
0.49,0.28,123.31872900933706
0.49,0.29,122.83049725842808
0.49,0.3,122.45591995606252
0.49,0.31,122.18821539585457
0.49,0.32,122.02099048464095
0.49,0.33,121.94822790277972
0.49,0.34,121.96427165952215
0.49,0.35,122.063811533786
0.49,0.36,122.24186681178551
0.49,0.37,122.49376966186657
0.49,0.38,122.8151484238121
0.49,0.39,123.20191103476166
0.49,0.4,123.65022876631856
0.49,0.41,124.15652040686761
0.49,0.42,124.7174369889387
0.49,0.43,125.32984713294577
0.49,0.44,125.99082305512236
0.49,0.45,126.69762726831229
0.49,0.46,127.44769998884065
0.49,0.47,128.2386472504436
0.49,0.48,129.06822971666023
0.49,0.49,129.93435217576402
0.49,0.5,130.83505369683857
0.49,0.51,131.76849842166163
0.49,0.52,132.73296696436066
0.49,0.53,133.72684838910857
0.49,0.54,134.7486327352344
0.49,0.55,135.79690405885995
0.49,0.56,136.8703339604016
0.49,0.57,137.9676755678794
0.49,0.58,139.08775794685482
0.49,0.59,140.2294809089016
0.49,0.6,141.39181019173938
0.49,0.61,142.5737729854624
0.49,0.62,143.77445378066437
0.49,0.63,144.9929905156266
0.49,0.64,146.22857100112012
0.49,0.65,147.48042960270763
0.49,0.66,148.74784416174515
0.49,0.67,150.0301331375422
0.49,0.68,151.32665295434586
0.49,0.69,152.63679553795774
0.49,0.7,153.95998602787824
0.49,0.71,155.29568065189983
0.49,0.72,156.64336475102286
0.49,0.73,158.0025509434724
0.49,0.74,159.37277741743443
0.49,0.75,160.75360634290507
0.49,0.76,162.14462239378568
0.49,0.77,163.5454313720184
0.49,0.78,164.95565892619865
0.49,0.79,166.37494935766466
0.49,0.8,167.80296450761546
0.49,0.81,169.23938271929686
0.49,0.82,170.68389786975254
0.49,0.83,172.1362184660681
0.49,0.84,173.5960668014138
0.49,0.85,175.06317816656573
0.49,0.86,176.53730011290378
0.49,0.87,178.01819176319935
0.49,0.88,179.50562316678497
0.49,0.89,180.99937469595307
0.49,0.9,182.49923648067903
0.49,0.91,184.00500787897315
0.49,0.92,185.51649698038116
0.49,0.93,187.03352014032467
0.49,0.94,188.55590154316212
0.49,0.95,190.08347279199486
0.49,0.96,191.61607252339533
0.49,0.97,193.15354604537274
0.49,0.98,194.69574499700622
0.49,0.99,196.24252702829978
0.49,1.0,197.79375549891085
0.5,0.05,186.48594610482436
0.5,0.06,180.83439709135513
0.5,0.07,175.5081506628546
0.5,0.08,170.5019398154106
0.5,0.09,165.80939037533443
0.5,0.1,161.4231162869628
0.5,0.11,157.3348306520606
0.5,0.12,153.53546823818385
0.5,0.13,150.0153149533716
0.5,0.14,146.76413987300398
0.5,0.15,143.7713257550424
0.5,0.16,141.02599452566827
0.5,0.17,138.5171248843314
0.5,0.18,136.2336598941513
0.5,0.19,134.16460312976088
0.5,0.2,132.29910260402121
0.5,0.21,130.6265222573227
0.5,0.22,129.13650125272653
0.5,0.23,127.81900167330541
0.5,0.24,126.66434546986466
0.5,0.25,125.66324166870173
0.5,0.26,124.80680493422466
0.5,0.27,124.08656660514227
0.5,0.28,123.49447930013376
0.5,0.29,123.02291613257643
0.5,0.3,122.6646654953313
0.5,0.31,122.41292228497053
0.5,0.32,122.26127633741028
0.5,0.33,122.20369874905973
0.5,0.34,122.23452666318276
0.5,0.35,122.34844701272903
0.5,0.36,122.54047962999269
0.5,0.37,122.80596006085479
0.5,0.38,123.14052235727408
0.5,0.39,123.54008206590915
0.5,0.4,124.00081958282799
0.5,0.41,124.51916400356447
0.5,0.42,125.09177756361882
0.5,0.43,125.71554073612758
0.5,0.44,126.38753803014627
0.5,0.45,127.10504451409415
0.5,0.46,127.86551307378282
0.5,0.47,128.66656240251834
0.5,0.48,129.50596571150948
0.5,0.49,130.38164014179875
0.5,0.5,131.29163685375588
0.5,0.51,132.23413176651172
0.5,0.52,133.20741691726738
0.5,0.53,134.20989240895813
0.5,0.54,135.24005891407137
0.5,0.55,136.2965107023543
0.5,0.56,137.37792916054795
0.5,0.57,138.4830767730442
0.5,0.58,139.6107915333858
0.5,0.59,140.75998175773378
0.5,0.6,141.9296212727587
0.5,0.61,143.11874495181758
0.5,0.62,144.32644457472773
0.5,0.63,145.55186498788783
0.5,0.64,146.7942005429475
0.5,0.65,148.05269179361343
0.5,0.66,149.32662243155212
0.5,0.67,150.6153164436316
0.5,0.68,151.91813547401208
0.5,0.69,153.23447637574566
0.5,0.7,154.56376893767649
0.5,0.71,155.90547377346905
0.5,0.72,157.25908036057172
0.5,0.73,158.62410521784216
0.5,0.74,160.00009021140838
0.5,0.75,161.38660097913979
0.5,0.76,162.78322546483594
0.5,0.77,164.18957255392323
0.5,0.78,165.605270803087
0.5,0.79,167.02996725684937
0.5,0.8,168.46332634464318
0.5,0.81,169.9050288524352
0.5,0.82,171.35477096341094
0.5,0.83,172.81226336265786
0.5,0.84,174.27723040117667
0.5,0.85,175.7494093149119
0.5,0.86,177.2285494948227
0.5,0.87,178.71441180432444
0.5,0.88,180.20676794071187
0.5,0.89,181.70539983743237
0.5,0.9,183.21009910431997
0.5,0.91,184.72066650311908
0.5,0.92,186.23691145582703
0.5,0.93,187.75865158357738
0.5,0.94,189.28571227394568
0.5,0.95,190.8179262747337
0.5,0.96,192.35513331241754
0.5,0.97,193.89717973358904
0.5,0.98,195.4439181678405
0.5,0.99,196.99520721065477
0.5,1.0,198.5509111249724
0.51,0.05,186.40326168397092
0.51,0.06,180.74529622298618
0.51,0.07,175.4156837977694
0.51,0.08,170.40897188806827
0.51,0.09,165.71858337435097
0.51,0.1,161.33691607962047
0.51,0.11,157.25545826595442
0.51,0.12,153.46491558867226
0.51,0.13,149.9553448093779
0.51,0.14,146.71628969078694
0.51,0.15,143.7369148888267
0.51,0.16,141.00613424853623
0.51,0.17,138.51273062045811
0.51,0.18,136.2454650685614
0.51,0.19,134.19317407641762
0.51,0.2,132.34485402865292
0.51,0.21,130.68973281975914
0.51,0.22,129.21732890757673
0.51,0.23,127.91749848191444
0.51,0.24,126.78047166652348
0.51,0.25,125.79687882735571
0.51,0.26,124.95776813693138
0.51,0.27,124.25461555970506
0.51,0.28,123.67932839181411
0.51,0.29,123.22424342415233
0.51,0.3,122.88212071186956
0.51,0.31,122.64613383553372
0.51,0.32,122.50985743650136
0.51,0.33,122.46725270693007
0.51,0.34,122.51265141705625
0.51,0.35,122.64073897131786
0.51,0.36,122.84653690206362
0.51,0.37,123.12538513560234
0.51,0.38,123.47292430032104
0.51,0.39,123.88507829024361
0.51,0.4,124.35803724917365
0.51,0.41,124.88824109978351
0.51,0.42,125.47236370790856
0.51,0.43,126.10729774411911
0.51,0.44,126.79014028159885
0.51,0.45,127.51817915076569
0.51,0.46,128.28888005626442
0.51,0.47,129.0998744503491
0.51,0.48,129.94894814775338
0.51,0.49,130.8340306604361
0.51,0.5,131.75318522572059
0.51,0.51,132.70459949795875
0.51,0.52,133.68657687167016
0.51,0.53,134.69752840288723
0.51,0.54,135.7359652949724
0.51,0.55,136.80049191530435
0.51,0.56,137.8897993098041
0.51,0.57,139.00265918318806
0.51,0.58,140.1379183139976
0.51,0.59,141.2944933747744
0.51,0.6,142.4713661291996
0.51,0.61,143.66757897950848
0.51,0.62,144.88223083901974
0.51,0.63,146.11447330614268
0.51,0.64,147.36350711772448
0.51,0.65,148.6285788610502
0.51,0.66,149.9089779252177
0.51,0.67,151.2040336739527
0.51,0.68,152.51311282319608
0.51,0.69,153.83561700801567
0.51,0.7,155.1709805245202
0.51,0.71,156.51866823352717
0.51,0.72,157.87817361373092
0.51,0.73,159.24901695304752
0.51,0.74,160.63074366768174
0.51,0.75,162.0229227392635
0.51,0.76,163.42514526115048
0.51,0.77,164.83702308568238
0.51,0.78,166.25818756481195
0.51,0.79,167.6882883771303
0.51,0.8,169.1269924348453
0.51,0.81,170.57398286478062
0.51,0.82,172.02895805791988
0.51,0.83,173.4916307824507
0.51,0.84,174.96172735565867
0.51,0.85,176.4389868703785
0.51,0.86,177.92316047204247
0.51,0.87,179.4140106826845
0.51,0.88,180.91131076851642
0.51,0.89,182.41484414797958
0.51,0.9,183.92440383739515
0.51,0.91,185.4397919315581
0.51,0.92,186.96081911683126
0.51,0.93,188.48730421447033
0.51,0.94,190.0190737520883
0.51,0.95,191.55596156132341
0.51,0.96,193.09780839991768
0.51,0.97,194.64446159654906
0.51,0.98,196.1957747168814
0.51,0.99,197.75160724941114
0.51,1.0,199.3118243097884
0.52,0.05,186.32496325399606
0.52,0.06,180.6613116583004
0.52,0.07,175.32901039718848
0.52,0.08,170.32241996785132
0.52,0.09,165.63475917742122
0.52,0.1,161.25820902297593
0.52,0.11,157.1840327102398
0.52,0.12,153.40270709444695
0.52,0.13,149.90406064618273
0.52,0.14,146.677413202577
0.52,0.15,143.71171320133004
0.52,0.16,140.99566873299406
0.52,0.17,138.51786950118657
0.52,0.18,136.26689757237003
0.52,0.19,134.23142556167957
0.52,0.2,132.400301591795
0.52,0.21,130.76262094872968
0.52,0.22,129.30778482833628
0.52,0.23,128.02554691958431
0.52,0.24,126.90604881355543
0.52,0.25,125.93984537440217
0.52,0.26,125.11792127666716
0.52,0.27,124.43169991927898
0.52,0.28,123.87304588613895
0.52,0.29,123.43426205056883
0.52,0.3,123.1080823277922
0.52,0.31,122.88766097551841
0.52,0.32,122.7665592348605
0.52,0.33,122.73872999751497
0.52,0.34,122.79850108404702
0.52,0.35,122.94055762458736
0.52,0.36,123.15992394856659
0.52,0.37,123.451945314842
0.52,0.38,123.81226974769382
0.52,0.39,124.23683018730883
0.52,0.4,124.7218271149057
0.52,0.41,125.26371177183756
0.52,0.42,125.85917005801373
0.52,0.43,126.50510716700391
0.52,0.44,127.19863299242142
0.52,0.45,127.93704832190687
0.52,0.46,128.71783182055606
0.52,0.47,129.53862779437358
0.52,0.48,130.39723471574032
0.52,0.49,131.29159448649654
0.52,0.5,132.2197824096771
0.52,0.51,133.17999783782423
0.52,0.52,134.1705554638898
0.52,0.53,135.1898772197475
0.52,0.54,136.23648474709117
0.52,0.55,137.3089924058122
0.52,0.56,138.40610078570134
0.52,0.57,139.52659068838264
0.52,0.58,140.66931754768942
0.52,0.59,141.83320625812877
0.52,0.6,143.01724638263585
0.52,0.61,144.2204877124035
0.52,0.62,145.44203615318074
0.52,0.63,146.68104991402876
0.52,0.64,147.93673597607798
0.52,0.65,149.20834682034132
0.52,0.66,150.4951773950824
0.52,0.67,151.79656230462626
0.52,0.68,153.11187320280203
0.52,0.69,154.4405163754475
0.52,0.7,155.78193049756516
0.52,0.71,157.13558455180623
0.52,0.72,158.50097589597289
0.52,0.73,159.87762846817856
0.52,0.74,161.26509111918074
0.52,0.75,162.66293606221834
0.52,0.76,164.07075743143804
0.52,0.77,165.48816994069662
0.52,0.78,166.91480763516327
0.52,0.79,168.35032272875435
0.52,0.8,169.79438452096278
0.52,0.81,171.24667838717178
0.52,0.82,172.70690483698908
0.52,0.83,174.17477863557806
0.52,0.84,175.65002798335283
0.52,0.85,177.13239374976663
0.52,0.86,178.62162875725633
0.52,0.87,180.1174971117139
0.52,0.88,181.61977357613537
0.52,0.89,183.12824298435942
0.52,0.9,184.64269969204216
0.52,0.91,186.16294706224107
0.52,0.92,187.6887969831674
0.52,0.93,189.22006941587358
0.52,0.94,190.75659196978975
0.52,0.95,192.29819950419437
0.52,0.96,193.84473375384528
0.52,0.97,195.3960429771247
0.52,0.98,196.9519816251806
0.52,0.99,198.51241003065365
0.52,1.0,200.07719411468807
0.53,0.05,186.25089500351385
0.53,0.06,180.58226484978792
0.53,0.07,175.24793172459837
0.53,0.08,170.2420675627242
0.53,0.09,165.55768586240956
0.53,0.1,161.1867499897248
0.53,0.11,157.1202977851733
0.53,0.12,153.34857753165636
0.53,0.13,149.86119018609793
0.53,0.14,146.64723297329905
0.53,0.15,143.6954399245837
0.53,0.16,140.99431563029563
0.53,0.17,138.532259274371
0.53,0.18,136.29767684888805
0.53,0.19,134.2790802400392
0.53,0.2,132.4651725868557
0.53,0.21,130.84491991171143
0.53,0.22,129.40760949520535
0.53,0.23,128.14289581844798
0.53,0.24,127.04083513299575
0.53,0.25,126.0919098579355
0.53,0.26,125.28704406258119
0.53,0.27,124.61761128970181
0.53,0.28,124.07543592474313
0.53,0.29,123.65278923557902
0.53,0.3,123.34238110697322
0.53,0.31,123.13734838366715
0.53,0.32,123.03124062308406
0.53,0.33,123.01800394827205
0.53,0.34,123.09196358745564
0.53,0.35,123.24780559064223
0.53,0.36,123.48055812731997
0.53,0.37,123.78557269281511
0.53,0.38,124.15850548423633
0.53,0.39,124.5952991496434
0.53,0.4,125.09216506543649
0.53,0.41,125.64556625616332
0.53,0.42,126.25220103708895
0.53,0.43,126.9089874321452
0.53,0.44,127.61304839740653
0.53,0.45,128.3616978622994
0.53,0.46,129.1524275866276
0.53,0.47,129.9828948205805
0.53,0.48,130.85091074664214
0.53,0.49,131.75442967625648
0.53,0.5,132.69153896984307
0.53,0.51,133.66044964593226
0.53,0.52,134.6594876435299
0.53,0.53,135.68708570106776
0.53,0.54,136.74177581526286
0.53,0.55,137.82218224371852
0.53,0.56,138.92701501601246
0.53,0.57,140.05506391924442
0.53,0.58,141.2051929254332
0.53,0.59,142.37633502972474
0.53,0.6,143.56748747001126
0.53,0.61,144.77770730025176
0.53,0.62,146.00610729145768
0.53,0.63,147.25185213597794
0.53,0.64,148.51415493232759
0.53,0.65,149.79227392936343
0.53,0.66,151.08550951010812
0.53,0.67,152.39320139693623
0.53,0.68,153.71472606117953
0.53,0.69,155.04949432147404
0.53,0.7,156.39694911635095
0.53,0.71,157.75656343768472
0.53,0.72,159.12783841264138
0.53,0.73,160.51030152272904
0.53,0.74,161.90350494944323
0.53,0.75,163.307024036829
0.53,0.76,164.720455862032
0.53,0.77,166.14341790563358
0.53,0.78,167.57554681419725
0.53,0.79,169.01649724806703
0.53,0.8,170.46594080800133
0.53,0.81,171.9235650347378
0.53,0.82,173.3890724760556
0.53,0.83,174.8621798163211
0.53,0.84,176.34261706391118
0.53,0.85,177.83012679226363
0.53,0.86,179.32446343063475
0.53,0.87,180.82539260096536
0.53,0.88,182.3326904975177
0.53,0.89,183.8461433062227
0.53,0.9,185.36554666090356
0.53,0.91,186.89070513376484
0.53,0.92,188.42143175773464
0.53,0.93,189.95754757843275
0.53,0.94,191.49888123370792
0.53,0.95,193.04526855884174
0.53,0.96,194.5965522156582
0.53,0.97,196.1525813439174
0.53,0.98,197.71321123347994
0.53,0.99,199.2783030158547
0.53,1.0,200.84772337383393
0.54,0.05,186.18091554680987
0.54,0.06,180.50799391994596
0.54,0.07,175.17226775761688
0.54,0.08,170.1677187460299
0.54,0.09,165.4871537390569
0.54,0.1,161.12231757500413
0.54,0.11,157.06402233742926
0.54,0.12,153.30228788993838
0.54,0.13,149.82648838491102
0.54,0.14,146.62549968401927
0.54,0.15,143.68784316166935
0.54,0.16,141.00182209914513
0.54,0.17,138.5556477220758
0.54,0.18,136.3375528012176
0.54,0.19,134.33589155823168
0.54,0.2,132.53922534646608
0.54,0.21,130.93639418419804
0.54,0.22,129.51657469394902
0.54,0.23,128.26932534912234
0.54,0.24,127.18462015995442
0.54,0.25,126.25287206138796
0.54,0.26,125.46494731479021
0.54,0.27,124.81217222216682
0.54,0.28,124.28633339284545
0.54,0.29,123.87967271334716
0.54,0.3,123.58487806356936
0.54,0.31,123.39507070603325
0.54,0.32,123.30379015704615
0.54,0.33,123.30497723429583
0.54,0.34,123.39295586809658
0.54,0.35,123.56241416530311
0.54,0.36,123.80838512687788
0.54,0.37,124.12622734252693
0.54,0.38,124.51160591849543
0.54,0.39,124.96047383696491
0.54,0.4,125.46905389674055
0.54,0.41,126.03382134417308
0.54,0.42,126.65148726960908
0.54,0.43,127.3189828171942
0.54,0.44,128.03344423372363
0.54,0.45,128.79219876463904
0.54,0.46,129.59275139151424
0.54,0.47,130.43277239481466
0.54,0.48,131.31008571781408
0.54,0.49,132.22265810182233
0.54,0.5,133.1685889589177
0.54,0.51,134.14610094584054
0.54,0.52,135.1535312012994
0.54,0.53,136.1893232084265
0.54,0.54,137.2520192442906
0.54,0.55,138.34025337907235
0.54,0.56,139.45274498859453
0.54,0.57,140.58829274526343
0.54,0.58,141.74576905403273
0.54,0.59,142.92411490168104
0.54,0.6,144.12233508944155
0.54,0.61,145.33949382078563
0.54,0.62,146.57471061792785
0.54,0.63,147.8271565423382
0.54,0.64,149.09605069623152
0.54,0.65,150.3806569835989
0.54,0.66,151.68028111088995
0.54,0.67,152.9942678089072
0.54,0.68,154.32199825884052
0.54,0.69,155.66288770666833
0.54,0.7,157.01638325134738
0.54,0.71,158.38196179334986
0.54,0.72,159.75912813114397
0.54,0.73,161.14741319419352
0.54,0.74,162.54637240195234
0.54,0.75,163.955584139157
0.54,0.76,165.3746483385045
0.54,0.77,166.80318516249406
0.54,0.78,168.24083377688865
0.54,0.79,169.68725120883357
0.54,0.8,171.14211128324328
0.54,0.81,172.60510363156368
0.54,0.82,174.07593276749662
0.54,0.83,175.55431722469925
0.54,0.84,177.0399887518648
0.54,0.85,178.53269156096422
0.54,0.86,180.03218162475113
0.54,0.87,181.53822601994491
0.54,0.88,183.0506023127881
0.54,0.89,184.5690979839312
0.54,0.9,186.09350988983425
0.54,0.91,187.62364375809432
0.54,0.92,189.15931371430716
0.54,0.93,190.70034183825382
0.54,0.94,192.24655774737258
0.54,0.95,193.79779820563454
0.54,0.96,195.3539067560718
0.54,0.97,196.91473337536064
0.54,0.98,198.48013414895382
0.54,0.99,200.0499709653934
0.54,1.0,201.62411122851807
0.55,0.05,186.11489667628194
0.55,0.06,180.43835219961215
0.55,0.07,175.10185552453132
0.55,0.08,170.09919630368555
0.55,0.09,165.42297331936882
0.55,0.1,161.06471190252353
0.55,0.11,157.01499791447256
0.55,0.12,153.26362288739932
0.55,0.13,149.79973481962367
0.55,0.14,146.6119894043113
0.55,0.15,143.68869705521786
0.55,0.16,141.01796188141785
0.55,0.17,138.5878096541341
0.55,0.18,136.38630271375254
0.55,0.19,134.40164061424312
0.55,0.2,132.6222460479998
0.55,0.21,131.0368362101653
0.55,0.22,129.63448023916794
0.55,0.23,128.40464371406634
0.55,0.24,127.33722141277859
0.55,0.25,126.42255965665198
0.55,0.26,125.65146960607315
0.55,0.27,125.0152328485699
0.55,0.28,124.50560055281149
0.55,0.29,124.11478736430361
0.55,0.3,123.83546110376003
0.55,0.31,123.66072920674517
0.55,0.32,123.58412272039291
0.55,0.33,123.59957855483563
0.55,0.34,123.70142057674286
0.55,0.35,123.88434003200729
0.55,0.36,124.14337569506718
0.55,0.37,124.47389406377067
0.55,0.38,124.87156985077158
0.55,0.39,125.33236696449893
0.55,0.4,125.85252012393666
0.55,0.41,126.42851721081527
0.55,0.42,127.0570824293928
0.55,0.43,127.73516031683887
0.55,0.44,128.45990062545172
0.55,0.45,129.2286440807181
0.55,0.46,130.0389090058395
0.55,0.47,130.88837879316515
0.55,0.48,131.77489019542264
0.55,0.49,132.6964224042348
0.55,0.5,133.65108687976763
0.55,0.51,134.6371178930951
0.55,0.52,135.65286374171725
0.55,0.53,136.69677859839152
0.55,0.54,137.767414953807
0.55,0.55,138.8634166145239
0.55,0.56,139.98351221884337
0.55,0.57,141.1265092347843
0.55,0.58,142.29128840602752
0.55,0.59,143.47679861347868
0.55,0.6,144.6820521219408
0.55,0.61,145.90612018324487
0.55,0.62,147.14812896901262
0.55,0.63,148.40725580802712
0.55,0.64,149.6827257048989
0.55,0.65,150.97380811838494
0.55,0.66,152.27981397928275
0.55,0.67,153.6000929293166
0.55,0.68,154.93403076382995
0.55,0.69,156.2810470624161
0.55,0.7,157.6405929928438
0.55,0.71,159.01214927478014
0.55,0.72,160.39522429087123
0.55,0.73,161.78935233373554
0.55,0.74,163.19409197832186
0.55,0.75,164.60902456994327
0.55,0.76,166.03375281905957
0.55,0.77,167.4678994946081
0.55,0.78,168.91110620833925
0.55,0.79,170.36303228321745
0.55,0.8,171.8233536995074
0.55,0.81,173.2917621126819
0.55,0.82,174.76796393775146
0.55,0.83,176.25167949505297
0.55,0.84,177.7426422129311
0.55,0.85,179.24059788310512
0.55,0.86,180.7453039648572
0.55,0.87,182.25652893447145
0.55,0.88,183.7740516766485
0.55,0.89,185.29766091486442
0.55,0.9,186.8271546778909
0.55,0.91,188.36233979990217
0.55,0.92,189.9030314517969
0.55,0.93,191.44905270154777
0.55,0.94,193.00023410155558
0.55,0.95,194.55641330113724
0.55,0.96,196.11743468243066
0.55,0.97,197.6831490181109
0.55,0.98,199.2534131494471
0.55,0.99,200.82808968333242
0.55,1.0,202.40704670702252
0.56,0.05,186.05272223040774
0.56,0.06,180.37320690322966
0.56,0.07,175.03654759846782
0.56,0.08,170.03634005893736
0.56,0.09,165.36497348465895
0.56,0.1,161.01375264556287
0.56,0.11,156.97303665107023
0.56,0.12,153.2323887340262
0.56,0.13,149.78073133990165
0.56,0.14,146.60650114256543
0.56,0.15,143.6977992470306
0.56,0.16,141.04253268111304
0.56,0.17,138.6285442159907
0.56,0.18,136.44372849797247
0.56,0.19,134.47613334960351
0.56,0.2,132.71404586038688
0.56,0.21,131.146063510899
0.56,0.22,129.76115105210525
0.56,0.23,128.54868420081146
0.56,0.24,127.49848142764094
0.56,0.25,126.60082522546114
0.56,0.26,125.8464742749958
0.56,0.27,125.22666789086125
0.56,0.28,124.73312405376737
0.56,0.29,124.35803222861863
0.56,0.3,124.0940420462692
0.56,0.31,123.93424879836786
0.56,0.32,123.87217656715985
0.56,0.33,123.90175969022586
0.56,0.34,124.01732314708654
0.56,0.35,124.21356235219868
0.56,0.36,124.48552274790119
0.56,0.37,124.82857951137488
0.56,0.38,125.23841762124152
0.56,0.39,125.71101247126205
0.56,0.4,126.24261116978329
0.56,0.41,126.82971462310633
0.56,0.42,127.46906046779006
0.56,0.43,128.1576068900715
0.56,0.44,128.89251734916954
0.56,0.45,129.67114620440992
0.56,0.46,130.49102523310657
0.56,0.47,131.34985101633373
0.56,0.48,132.24547316252207
0.56,0.49,133.17588333375804
0.56,0.5,134.13920503631945
0.56,0.51,135.1336841350103
0.56,0.52,136.157680049964
0.56,0.53,137.20965759453225
0.56,0.54,138.2881794134604
0.56,0.55,139.3918989816187
0.56,0.56,140.5195541249608
0.56,0.57,141.6699610270457
0.56,0.58,142.84200868625322
0.56,0.59,144.03465379073103
0.56,0.6,145.24691598004833
0.56,0.61,146.47787346445693
0.56,0.62,147.72665897457992
0.56,0.63,148.99245601618375
0.56,0.64,150.27449540648254
0.56,0.65,151.57205207011378
0.56,0.66,152.88444207454646
0.56,0.67,154.21101988619895
0.56,0.68,155.5511758299782
0.56,0.69,156.90433373628306
0.56,0.7,158.26994876077143
0.56,0.71,159.64750536334338
0.56,0.72,161.03651543387215
0.56,0.73,162.4365165532112
0.56,0.74,163.8470703789304
0.56,0.75,165.2677611460753
0.56,0.76,166.69819427403993
0.56,0.77,168.13799507135454
0.56,0.78,169.58680753085784
0.56,0.79,171.04429320833427
0.56,0.8,172.51013017825466
0.56,0.81,173.98401206077492
0.56,0.82,175.46564711461642
0.56,0.83,176.95475739089187
0.56,0.84,178.4510779433251
0.56,0.85,179.9543560906921
0.56,0.86,181.46435072763182
0.56,0.87,182.9808316802894
0.56,0.88,184.50357910352997
0.56,0.89,186.03238291672037
0.56,0.9,187.56704227531569
0.56,0.91,189.1073650756942
0.56,0.92,190.65316749089243
0.56,0.93,192.20427353506872
0.56,0.94,193.76051465469354
0.56,0.95,195.32172934461192
0.56,0.96,196.88776278727454
0.56,0.97,198.45846651355285
0.56,0.98,200.0336980836802
0.56,0.99,201.61332078696236
0.56,1.0,203.19720335901084
0.57,0.05,185.99428706481314
0.57,0.06,180.31243792618656
0.57,0.07,174.97621073193977
0.57,0.08,169.97900535508182
0.57,0.09,165.3129998273761
0.57,0.1,160.96927723875694
0.57,0.11,156.9379693617366
0.57,0.12,153.20841111528202
0.57,0.13,149.76929995303718
0.57,0.14,146.60885464220132
0.57,0.15,143.7149685950349
0.57,0.16,141.0753538111257
0.57,0.17,138.67767247390165
0.57,0.18,136.50965422420776
0.57,0.19,134.559198035361
0.57,0.2,132.814458391452
0.57,0.21,131.2639161003625
0.57,0.22,129.89643455022497
0.57,0.23,128.70130255146515
0.57,0.24,127.66826511321952
0.57,0.25,126.78754360405986
0.57,0.26,126.04984676495302
0.57,0.27,125.44637399843447
0.57,0.28,124.96881227091566
0.57,0.29,124.60932785065047
0.57,0.3,124.3605539747918
0.57,0.31,124.21557540481338
0.57,0.32,124.16791069734687
0.57,0.33,124.21149289199879
0.57,0.34,124.34064920197206
0.57,0.35,124.5500801889866
0.57,0.36,124.83483881171014
0.57,0.37,125.19030965660293
0.57,0.38,125.61218859119236
0.57,0.39,126.09646302147978
0.57,0.4,126.63939288641988
0.57,0.41,127.23749248214445
0.57,0.42,127.88751317573374
0.57,0.43,128.58642704187196
0.57,0.44,129.33141143470294
0.57,0.45,130.11983449076388
0.57,0.46,130.94924154628686
0.57,0.47,131.8173424427254
0.57,0.48,132.7219996875377
0.57,0.49,133.66121743253294
0.57,0.5,134.63313122905268
0.57,0.51,135.63599851757374
0.57,0.52,136.66818980867953
0.57,0.53,137.72818051251247
0.57,0.54,138.81454337462583
0.57,0.55,139.9259414773779
0.57,0.56,141.0611217675961
0.57,0.57,142.2189090730179
0.57,0.58,143.39820057195212
0.57,0.59,144.59796068260582
0.57,0.6,145.81721634055094
0.57,0.61,147.0550526348231
0.57,0.62,148.3106087751111
0.57,0.63,149.58307436441513
0.57,0.64,150.87168595337744
0.57,0.65,152.17572385423244
0.57,0.66,153.49450919397913
0.57,0.67,154.82740118792873
0.57,0.68,156.17379461623693
0.57,0.69,157.53311748739475
0.57,0.7,158.9048288739125
0.57,0.71,160.28841690661363
0.57,0.72,161.68339691504283
0.57,0.73,163.08930970249978
0.57,0.74,164.5057199451404
0.57,0.75,165.9322147054509
0.57,0.76,167.36840205117898
0.57,0.77,168.81390977154172
0.57,0.78,170.2683841831969
0.57,0.79,171.73148901906885
0.57,0.8,173.20290439369649
0.57,0.81,174.68232583927127
0.57,0.82,176.16946340702
0.57,0.83,177.66404082901212
0.57,0.84,179.16579473587058
0.57,0.85,180.67447392623356
0.57,0.86,182.18983868414008
0.57,0.87,183.71166014082652
0.57,0.88,185.2397196776948
0.57,0.89,186.7738083674713
0.57,0.9,188.313726450815
0.57,0.91,189.8592828458392
0.57,0.92,191.41029468821864
0.57,0.93,192.9665868997312
0.57,0.94,194.5279917832452
0.57,0.95,196.09434864232108
0.57,0.96,197.66550342373884
0.57,0.97,199.24130838137822
0.57,0.98,200.82162176001268
0.57,0.99,202.40630749767473
0.57,1.0,203.9952349453554
0.58,0.05,185.93949611549294
0.58,0.06,180.25593675116397
0.58,0.07,174.92072461663616
0.58,0.08,169.92706167898393
0.58,0.09,165.26691314857888
0.58,0.1,160.9311392596229
0.58,0.11,156.90964381623186
0.58,0.12,153.19153337125343
0.58,0.13,149.7652809161267
0.58,0.14,146.61888839590603
0.58,0.15,143.7400431182246
0.58,0.16,141.11626407710202
0.58,0.17,138.73503524547158
0.58,0.18,136.58392390616373
0.58,0.19,134.65068301744085
0.58,0.2,132.92333740049293
0.58,0.21,131.3902541709273
0.58,0.22,130.04019831159133
0.58,0.23,128.8623746108067
0.58,0.24,127.84645738717386
0.58,0.25,126.98260951232591
0.58,0.26,126.26149224983327
0.58,0.27,125.67426737386863
0.58,0.28,125.21259293454952
0.58,0.29,124.86861391410218
0.58,0.3,124.63494888185438
0.58,0.31,124.50467361617461
0.58,0.32,124.47130252471717
0.58,0.33,124.52876856537821
0.58,0.34,124.67140225206509
0.58,0.35,124.89391022323488
0.58,0.36,125.19135375767287
0.58,0.37,125.55912754094106
0.58,0.38,125.99293891667989
0.58,0.39,126.48878779853946
0.58,0.4,127.04294736986495
0.58,0.41,127.65194565823363
0.58,0.42,128.31254803941027
0.58,0.43,129.02174069919968
0.58,0.44,129.7767150610712
0.58,0.45,130.5748531714081
0.58,0.46,131.41371402205155
0.58,0.47,132.29102078077057
0.58,0.48,133.20464889382774
0.58,0.49,134.1526150204234
0.58,0.5,135.13306675608092
0.58,0.51,136.14427310062487
0.58,0.52,137.1846156260186
0.58,0.53,138.25258029972574
0.58,0.54,139.34674992024975
0.58,0.55,140.4657971229263
0.58,0.56,141.60847791576575
0.58,0.57,142.77362570707095
0.58,0.58,143.96014578860513
0.58,0.59,145.16701024018687
0.58,0.6,146.39325322371585
0.58,0.61,147.63796663671985
0.58,0.62,148.90029609755453
0.58,0.63,150.1794372363554
0.58,0.64,151.47463226772598
0.58,0.65,152.78516682292152
0.58,0.66,154.1103670209896
0.58,0.67,155.4495967598987
0.58,0.68,156.80225521017874
0.58,0.69,158.16777449497368
0.58,0.7,159.54561754169325
0.58,0.71,160.93527609164462
0.58,0.72,162.33626885512365
0.58,0.73,163.74813980046594
0.58,0.74,165.17045656649884
0.58,0.75,166.60280898869425
0.58,0.76,168.0448077301252
0.58,0.77,169.49608300905413
0.58,0.78,170.95628341565404
0.58,0.79,172.42507481098025
0.58,0.8,173.9021393018721
0.58,0.81,175.38717428598568
0.58,0.82,176.87989156162595
0.58,0.83,178.38001649748966
0.58,0.84,179.88728725782022
0.58,0.85,181.4014540788433
0.58,0.86,182.9222785926844
0.58,0.87,184.44953319527605
0.58,0.88,185.9830004550407
0.58,0.89,187.52247255938846
0.58,0.9,189.06775079631043
0.58,0.91,190.61864506855426
0.58,0.92,192.17497343807096
0.58,0.93,193.7365616986035
0.58,0.94,195.30324297444287
0.58,0.95,196.87485734354541
0.58,0.96,198.4512514833259
0.58,0.97,200.03227833758467
0.58,0.98,201.61779680313055
0.58,0.99,203.2076714347805
0.58,1.0,204.80177216750448
0.59,0.05,185.88826354454665
0.59,0.06,180.20360545200097
0.59,0.07,174.86998075514373
0.59,0.08,169.8803914103309
0.59,0.09,165.22658809428228
0.59,0.1,160.89920696141297
0.59,0.11,156.88792317812175
0.59,0.12,153.18161484985367
0.59,0.13,149.76853101253698
0.59,0.14,146.6364578536243
0.59,0.15,143.772878144038
0.59,0.16,141.1651198716476
0.59,0.17,138.80049114770156
0.59,0.18,136.66639950937693
0.59,0.19,134.75045469163675
0.59,0.2,133.04055474550918
0.59,0.21,131.52495601812518
0.59,0.22,130.19232798203083
0.59,0.23,129.03179422036393
0.59,0.24,128.03296106127615
0.59,0.25,127.18593543375296
0.59,0.26,126.4813335123187
0.59,0.27,125.91028165270212
0.59,0.28,125.46441101416322
0.59,0.29,125.13584713305359
0.59,0.3,124.91719556909209
0.59,0.31,124.80152460032049
0.59,0.32,124.78234580154954
0.59,0.33,124.85359320880696
0.59,0.34,125.00960165156243
0.59,0.35,125.24508472666551
0.59,0.36,125.55511279333638
0.59,0.37,125.93509128687884
0.59,0.38,126.3807395792476
0.59,0.39,126.88807055616759
0.59,0.4,127.45337103201615
0.59,0.41,128.07318308393155
0.59,0.42,128.74428635444727
0.59,0.43,129.46368134627915
0.59,0.44,130.2285737127098
0.59,0.45,131.03635953142984
0.59,0.46,131.88461153792537
0.59,0.47,132.77106628586003
0.59,0.48,133.69361219580952
0.59,0.49,134.6502784496547
0.59,0.5,135.63922468553656
0.59,0.51,136.6587314471341
0.59,0.52,137.7071913409029
0.59,0.53,138.78310085552368
0.59,0.54,139.88505279900005
0.59,0.55,141.0117293104405
0.59,0.56,142.1618954054302
0.59,0.57,143.33439301596363
0.59,0.58,144.5281354880681
0.59,0.59,145.74210250246423
0.59,0.6,146.97533538579737
0.59,0.61,148.22693278217076
0.59,0.62,149.49604665678285
0.59,0.63,150.78187860551952
0.59,0.64,152.08367644626492
0.59,0.65,153.40073106952966
0.59,0.66,154.73237352771068
0.59,0.67,156.07797234391387
0.59,0.68,157.436931022776
0.59,0.69,158.80868574712366
0.59,0.7,160.1927032456159
0.59,0.71,161.5884788177127
0.59,0.72,162.99553450343754
0.59,0.73,164.4134173864201
0.59,0.74,165.84169801966308
0.59,0.75,167.27996896433567
0.59,0.76,168.72784343270797
0.59,0.77,170.1849540270708
0.59,0.78,171.65095156715935
0.59,0.79,173.12550399921656
0.59,0.8,174.6082953804019
0.59,0.81,176.0990249327663
0.59,0.82,177.59740616148804
0.59,0.83,179.1031660325057
0.59,0.84,180.61604420507027
0.59,0.85,182.13579231511628
0.59,0.86,183.66217330567122
0.59,0.87,185.19496080083712
0.59,0.88,186.73393852015332
0.59,0.89,188.2788997304025
0.59,0.9,189.82964673215957
0.59,0.91,191.38599037859385
0.59,0.92,192.94774962423165
0.59,0.93,194.51475110156662
0.59,0.94,196.0868287235696
0.59,0.95,197.66382331029402
0.59,0.96,199.2455822379266
0.59,0.97,200.83195910873732
0.59,0.98,202.42281344052327
0.59,0.99,204.01801037422402
0.59,1.0,205.61742039850753
0.6,0.05,185.84051195991498
0.6,0.06,180.15535578495107
0.6,0.07,174.82388143290737
0.6,0.08,169.8388886833875
0.6,0.09,165.1919119159748
0.6,0.1,160.87336194116742
0.6,0.11,156.87268458890858
0.6,0.12,153.17852941529196
0.6,0.13,149.77892199264176
0.6,0.14,146.66143380312434
0.6,0.15,143.81334463591455
0.6,0.16,141.221793455625
0.6,0.17,138.87391483834895
0.6,0.18,136.7569591585391
0.6,0.19,134.8583956823906
0.6,0.2,133.1659985385253
0.6,0.21,131.66791617722495
0.6,0.22,130.35272539730747
0.6,0.23,129.20947133019212
0.6,0.24,128.22769494647443
0.6,0.25,127.39744971717629
0.6,0.26,126.70930904536748
0.6,0.27,126.15436600749908
0.6,0.28,125.72422682767773
0.6,0.29,125.41099936868586
0.6,0.3,125.2072777735892
0.6,0.31,125.10612424076413
0.6,0.32,125.10104876974987
0.6,0.33,125.18598757983037
0.6,0.34,125.35528078020656
0.6,0.35,125.60364976119607
0.6,0.36,125.92617468031501
0.6,0.37,126.31827233486177
0.6,0.38,126.77567464288475
0.6,0.39,127.29440789601382
0.6,0.4,127.87077289935935
0.6,0.41,128.50132607425815
0.6,0.42,129.18286156788167
0.6,0.43,129.91239438848243
0.6,0.44,130.68714456531535
0.6,0.45,131.50452231713393
0.6,0.46,132.3621142018112
0.6,0.47,133.25767021140035
0.6,0.48,134.18909177122413
0.6,0.49,135.15442059788245
0.6,0.5,136.15182836895866
0.6,0.51,137.17960715635743
0.6,0.52,138.2361605753139
0.6,0.53,139.31999560195987
0.6,0.54,140.4297150137095
0.6,0.55,141.56401040849215
0.6,0.56,142.72165576088247
0.6,0.57,143.90150147537443
0.6,0.58,145.1024688993125
0.6,0.59,146.32354526030676
0.6,0.6,147.56377899524725
0.6,0.61,148.82227544026892
0.6,0.62,150.0981928531902
0.6,0.63,151.3907387420201
0.6,0.64,152.69916647510718
0.6,0.65,154.02277215036202
0.6,0.66,155.36089170274622
0.6,0.67,156.71289823085587
0.6,0.68,158.0781995249632
0.6,0.69,159.45623578029472
0.6,0.7,160.8464774806548
0.6,0.71,162.24842343871026
0.6,0.72,163.66159898038697
0.6,0.73,165.08555426186322
0.6,0.74,166.51986270859814
0.6,0.75,167.9641195667142
0.6,0.76,169.4179405578538
0.6,0.77,170.8809606293746
0.6,0.78,172.352832792417
0.6,0.79,173.83322704100695
0.6,0.8,175.3218293459172
0.6,0.81,176.8183407175344
0.6,0.82,178.32247633245132
0.6,0.83,179.83396471894338
0.6,0.84,181.35254699687943
0.6,0.85,182.8779761679869
0.6,0.86,184.41001645271865
0.6,0.87,185.94844267027872
0.6,0.88,187.49303965863345
0.6,0.89,189.043601731601
0.6,0.9,190.5999321703328
0.6,0.91,192.16184274672003
0.6,0.92,193.72915327645543
0.6,0.93,195.3016911996493
0.6,0.94,196.87929118707584
0.6,0.95,198.4617947702612
0.6,0.96,200.04904999377356
0.6,0.97,201.64091108819494
0.6,0.98,203.2372381623714
0.6,0.99,204.83789691364595
0.6,1.0,206.44275835487102
0.61,0.05,185.7961717016137
0.61,0.06,180.11110835840765
0.61,0.07,174.7823387801259
0.61,0.08,169.80245834962895
0.61,0.09,165.16278334238567
0.61,0.1,160.85349792881516
0.61,0.11,156.8638178824079
0.61,0.12,153.1821640953655
0.61,0.13,149.79633916132994
0.61,0.14,146.6937009046449
0.61,0.15,143.86132768161002
0.61,0.16,141.28617140625144
0.61,0.17,138.9551954295156
0.61,0.18,136.85549552187848
0.61,0.19,134.9744032028775
0.61,0.2,133.29957148592308
0.61,0.21,131.81904374800206
0.61,0.22,130.52130689619494
0.61,0.23,129.39533030380548
0.61,0.24,128.4305921529598
0.61,0.25,127.61709487498344
0.61,0.26,126.94537135133176
0.61,0.27,126.40648345040935
0.61,0.28,125.99201434976813
0.61,0.29,125.69405594550265
0.61,0.3,125.50519249393784
0.61,0.31,125.41848147432951
0.61,0.32,125.4274325117369
0.61,0.33,125.52598506066627
0.61,0.34,125.70848542485784
0.61,0.35,125.96966357770509
0.61,0.36,126.30461015131439
0.61,0.37,126.70875387952147
0.61,0.38,127.17783971030039
0.61,0.39,127.70790774469921
0.61,0.4,128.2952731114173
0.61,0.41,128.93650684707825
0.61,0.42,129.6284178209169
0.61,0.43,130.36803571781022
0.61,0.44,131.15259507431475
0.61,0.45,131.97952034767954
0.61,0.46,132.84641198689647
0.61,0.47,133.75103346701073
0.61,0.48,134.6912992425728
0.61,0.49,135.6652635727423
0.61,0.5,136.67111016876717
0.61,0.51,137.70714261397376
0.61,0.52,138.77177550677305
0.61,0.53,139.86352627823197
0.61,0.54,140.98100763734433
0.61,0.55,142.1229205990534
0.61,0.56,143.28804805225755
0.61,0.57,144.47524882734342
0.61,0.58,145.6834522251773
0.61,0.59,146.91165297188573
0.61,0.6,148.1589065661312
0.61,0.61,149.4243249878926
0.61,0.62,150.7070727399922
0.61,0.63,152.00636319573596
0.61,0.64,153.32145522805146
0.61,0.65,154.65165009741023
0.61,0.66,155.99628857760513
0.61,0.67,157.3547483001239
0.61,0.68,158.72644129940824
0.61,0.69,160.1108117427336
0.61,0.7,161.50733382977455
0.61,0.71,162.9155098481574
0.61,0.72,164.3348683724349
0.61,0.73,165.7649625949651
0.61,0.74,167.20536877813817
0.61,0.75,168.6556848182789
0.61,0.76,170.11552891235735
0.61,0.77,171.5845383193953
0.61,0.78,173.0623682091132
0.61,0.79,174.54869059101162
0.61,0.8,176.04319331762932
0.61,0.81,177.54557915624633
0.61,0.82,179.05556492378682
0.61,0.83,180.57288068009117
0.61,0.84,182.09726897514665
0.61,0.85,183.62848414620774
0.61,0.86,185.16629166109084
0.61,0.87,186.71046750421095
0.61,0.88,188.26079760222083
0.61,0.89,189.8170772863576
0.61,0.9,191.37911078884068
0.61,0.91,192.94671077086826
0.61,0.92,194.51969787996072
0.61,0.93,196.0979003345785
0.61,0.94,197.6811535340917
0.61,0.95,199.26929969234635
0.61,0.96,200.86218749319198
0.61,0.97,202.45967176646943
0.61,0.98,204.06161318306988
0.61,0.99,205.6678779677819
0.61,1.0,207.2783376287356
0.62,0.05,185.7551801878167
0.62,0.06,180.07079187321548
0.62,0.07,174.74527391450204
0.62,0.08,169.77101503100158
0.62,0.09,165.13911155114783
0.62,0.1,160.83951968489936
0.62,0.11,156.86122441592664
0.62,0.12,153.19241785316734
0.62,0.13,149.82068009696596
0.62,0.14,146.733156363454
0.62,0.15,143.91672512529883
0.62,0.16,141.35815321429087
0.62,0.17,139.04423505507552
0.62,0.18,136.9619143535815
0.62,0.19,135.0983875768159
0.62,0.2,133.44118939368798
0.62,0.21,131.97826088714834
0.62,0.22,130.69800180347946
0.62,0.23,129.5893083949329
0.62,0.24,128.64159856358043
0.62,0.25,127.84482605586872
0.62,0.26,127.18948541652247
0.62,0.27,126.66660931182166
0.62,0.28,126.26775969670413
0.62,0.29,125.98501414429656
0.62,0.3,125.81094849311991
0.62,0.31,125.73861680560088
0.62,0.32,125.761529477983
0.62,0.33,125.87363020024029
0.62,0.34,126.06927233732493
0.62,0.35,126.34319519085018
0.62,0.36,126.6905005030359
0.62,0.37,127.10662948167574
0.62,0.38,127.58734055494205
0.62,0.39,128.12868800669628
0.62,0.4,128.7270015952582
0.62,0.41,129.37886721993044
0.62,0.42,130.08110866868955
0.62,0.43,130.83077045614604
0.62,0.44,131.62510174208737
0.62,0.45,132.46154130668637
0.62,0.46,133.33770354799051
0.62,0.47,134.25136545988067
0.62,0.48,135.2004545437147
0.62,0.49,136.1830376038535
0.62,0.5,137.19731037576918
0.62,0.51,138.24158793514098
0.62,0.52,139.3142958369363
0.62,0.53,140.4139619347496
0.62,0.54,141.53920883242944
0.62,0.55,142.68874692211818
0.62,0.56,143.86136796513833
0.62,0.57,145.05593917460988
0.62,0.58,146.27139776115953
0.62,0.59,147.5067459055913
0.62,0.6,148.7610461248289
0.62,0.61,150.03341699981775
0.62,0.62,151.32302923636766
0.62,0.63,152.62910203207937
0.62,0.64,153.95089972457308
0.62,0.65,155.2877286981631
0.62,0.66,156.6389345279382
0.62,0.67,158.00389934191423
0.62,0.68,159.382039383474
0.62,0.69,160.7728027577939
0.62,0.7,162.1756673472878
0.62,0.71,163.5901388823516
0.62,0.72,165.01574915483607
0.62,0.73,166.45205436272934
0.62,0.74,167.89863357549737
0.62,0.75,169.35508731042478
0.62,0.76,170.82103621110156
0.62,0.77,172.2961198199594
0.62,0.78,173.77999543743
0.62,0.79,175.27233706093665
0.62,0.8,176.77283439748226
0.62,0.81,178.28119194413773
0.62,0.82,179.79712813119684
0.62,0.83,181.32037452320247
0.62,0.84,182.8506750734505
0.62,0.85,184.3877854279342
0.62,0.86,185.93147227503022
0.62,0.87,187.48151273752163
0.62,0.88,189.03769380384097
0.62,0.89,190.5998117956579
0.62,0.9,192.16767186917468
0.62,0.91,193.74108754770288
0.62,0.92,195.31988028328306
0.62,0.93,196.90387904529132
0.62,0.94,198.49291993413783
0.62,0.95,200.08684581830474
0.62,0.96,201.6855059931147
0.62,0.97,203.28875585973734
0.62,0.98,204.89645662306273
0.62,0.99,206.5084750071663
0.62,1.0,208.124682987196
0.63,0.05,185.71748131491492
0.63,0.06,180.03434242660455
0.63,0.07,174.71261615683332
0.63,0.08,169.74448225478744
0.63,0.09,165.12081523035476
0.63,0.1,160.8313419960002
0.63,0.11,156.86481600643629
0.63,0.12,153.2092004705674
0.63,0.13,149.85185348837769
0.63,0.14,146.7797087261558
0.63,0.15,143.9794463286213
0.63,0.16,141.43765001486517
0.63,0.17,139.1409475758851
0.63,0.18,137.07613317767172
0.63,0.19,135.23027090493554
0.63,0.2,133.59077982006573
0.63,0.21,132.14550145042512
0.63,0.22,130.8827510646503
0.63,0.23,129.7913543775427
0.63,0.24,128.86067146178206
0.63,0.25,128.08060967307017
0.63,0.26,127.44162734194727
0.63,0.27,126.93472987564736
0.63,0.28,126.55145976807957
0.63,0.29,126.28388185209448
0.63,0.3,126.12456495831776
0.63,0.31,126.06656097814239
0.63,0.32,126.10338217108927
0.63,0.33,126.22897741247574
0.63,0.34,126.43770794814391
0.63,0.35,126.72432310954177
0.63,0.36,127.08393634447943
0.63,0.37,127.51200183553102
0.63,0.38,128.00429190811
0.63,0.39,128.5568753723103
0.63,0.4,129.16609689524535
0.63,0.41,129.82855746239287
0.63,0.42,130.54109595605135
0.63,0.43,131.30077185520295
0.63,0.44,132.10484904277718
0.63,0.45,132.95078069256078
0.63,0.46,133.8361951979684
0.63,0.47,134.75888309787908
0.63,0.48,135.71678495014817
0.63,0.49,136.7079801007209
0.63,0.5,137.73067629509103
0.63,0.51,138.78320007880944
0.63,0.52,139.86398793459662
0.63,0.53,140.9715781050844
0.63,0.54,142.10460305216003
0.63,0.55,143.26178250613958
0.63,0.56,144.4419170604485
0.63,0.57,145.64388227004676
0.63,0.58,146.86662321443592
0.63,0.59,148.10914948866005
0.63,0.6,149.37053058824864
0.63,0.61,150.64989165648169
0.63,0.62,151.9464095647067
0.63,0.63,153.25930929865535
0.63,0.64,154.58786062580631
0.63,0.65,155.9313750208175
0.63,0.66,157.28920282788687
0.63,0.67,158.66073064062508
0.63,0.68,160.04537888160897
0.63,0.69,161.44259956526693
0.63,0.7,162.85187422910832
0.63,0.71,164.2727120195585
0.63,0.72,165.70464791982675
0.63,0.73,167.14724110828837
0.63,0.74,168.60007343683841
0.63,0.75,170.06274801957215
0.63,0.76,171.53488792295246
0.63,0.77,173.01613494938937
0.63,0.78,174.50614850682646
0.63,0.79,176.00460455756343
0.63,0.8,177.51119464010966
0.63,0.81,179.02562495839015
0.63,0.82,180.5476155330972
0.63,0.83,182.0768994104202
0.63,0.84,183.61322192377972
0.63,0.85,185.15634000455728
0.63,0.86,186.70602153813925
0.63,0.87,188.2620447619021
0.63,0.88,189.8241977020357
0.63,0.89,191.3922776463535
0.63,0.9,192.96609065047662
0.63,0.91,194.54545107497745
0.63,0.92,196.13018115127187
0.63,0.93,197.7201105742151
0.63,0.94,199.3150761195249
0.63,0.95,200.9149212842988
0.63,0.96,202.5194959490266
0.63,0.97,204.1286560596253
0.63,0.98,205.7422633281342
0.63,0.99,207.3601849508122
0.63,1.0,208.9822933424753
0.64,0.05,185.68302490633067
0.64,0.06,180.0017028735738
0.64,0.07,174.68430231234643
0.64,0.08,169.7227916620955
0.64,0.09,165.10782172119139
0.64,0.1,160.82888875822815
0.64,0.11,156.87451396134978
0.64,0.12,153.23243153235626
0.64,0.13,149.88977807808163
0.64,0.14,146.83327678833152
0.64,0.15,144.0494110476753
0.64,0.16,141.52458343834212
0.64,0.17,139.24525740874225
0.64,0.18,137.1980800988593
0.64,0.19,135.3699858612091
0.64,0.2,133.74828086037112
0.64,0.21,132.3207097689749
0.64,0.22,131.0755060163983
0.64,0.23,130.00142731299974
0.64,0.24,129.08777829770384
0.64,0.25,128.324422171517
0.64,0.26,127.70178311347333
0.64,0.27,127.21084115432929
0.64,0.28,126.84312102838504
0.64,0.29,126.59067635190515
0.64,0.3,126.44607030036087
0.64,0.31,126.40235378508831
0.64,0.32,126.45304196889361
0.64,0.33,126.59208981323255
0.64,0.34,126.81386721860898
0.64,0.35,127.1131342052746
0.64,0.36,127.48501648274515
0.64,0.37,127.92498167308625
0.64,0.38,128.4288163830585
0.64,0.39,128.99260426254216
0.64,0.4,129.61270513969404
0.64,0.41,130.28573528553932
0.64,0.42,131.0085488308001
0.64,0.43,131.7782203344743
0.64,0.44,132.5920284858785
0.64,0.45,133.447440908604
0.64,0.46,134.3421000252526
0.64,0.47,135.27380993523326
0.64,0.48,136.2405242536683
0.64,0.49,137.24033485712573
0.64,0.5,138.27146148100925
0.64,0.51,139.33224211366948
0.64,0.52,140.42112413338018
0.64,0.53,141.53665613600847
0.64,0.54,142.67748040333316
0.64,0.55,143.8423259643717
0.64,0.56,145.0300022046729
0.64,0.57,146.23939298119578
0.64,0.58,147.4694512031086
0.64,0.59,148.71919384149246
0.64,0.6,149.9876973335481
0.64,0.61,151.27409334940234
0.64,0.62,152.57756489200526
0.64,0.63,153.89734270287832
0.64,0.64,155.23270194861436
0.64,0.65,156.5829591650254
0.64,0.66,157.9474694377152
0.64,0.67,159.325623799581
0.64,0.68,160.7168468273757
0.64,0.69,162.12059442093542
0.64,0.7,163.53635175006704
0.64,0.71,164.96363135535003
0.64,0.72,166.40197139027347
0.64,0.73,167.85093399319038
0.64,0.74,169.3101037785684
0.64,0.75,170.77908643788876
0.64,0.76,172.25750744138995
0.64,0.77,173.7450108325873
0.64,0.78,175.2412581081919
0.64,0.79,176.74592717667977
0.64,0.8,178.25871138932948
0.64,0.81,179.77931863807714
0.64,0.82,181.30747051500217
0.64,0.83,182.84290152870304
0.64,0.84,184.38535837321638
0.64,0.85,185.93459924548776
0.64,0.86,187.49039320774304
0.64,0.87,189.05251959140395
0.64,0.88,190.62076743946963
0.64,0.89,192.19493498453434
0.64,0.9,193.77482915984422
0.64,0.91,195.36026514100396
0.64,0.92,196.9510659161345
0.64,0.93,198.54706188245905
0.64,0.94,200.1480904674552
0.64,0.95,201.7539957728562
0.64,0.96,203.36462823991744
0.64,0.97,204.97984433449122
0.64,0.98,206.5995062505546
0.64,0.99,208.22348163095617
0.64,1.0,209.8516433042204
0.65,0.05,185.65176620545563
0.65,0.06,179.97282224025327
0.65,0.07,174.6602760114994
0.65,0.08,169.70588228292524
0.65,0.09,165.1000662338456
0.65,0.1,160.83209214029304
0.65,0.11,156.89024819474628
0.65,0.12,153.26203950127365
0.65,0.13,149.93438170139206
0.65,0.14,146.89378860261212
0.65,0.15,144.12654841454744
0.65,0.16,141.6188845694406
0.65,0.17,139.35709846681357
0.65,0.18,137.32769272769832
0.65,0.19,135.51747460584372
0.65,0.2,133.91364005063843
0.65,0.21,132.50383954620744
0.65,0.22,131.2762272790993
0.65,0.23,130.21949544031764
0.65,0.24,129.3228955782059
0.65,0.25,128.5762489194964
0.65,0.26,127.96994749687398
0.65,0.27,127.49494778890428
0.65,0.28,127.14275841362803
0.65,0.29,126.9054232373669
0.65,0.3,126.77550107780394
0.65,0.31,126.74604300399831
0.65,0.32,126.8105680714084
0.65,0.33,126.96303818059488
0.65,0.34,127.19783261564672
0.65,0.35,127.50972270280673
0.65,0.36,127.89384693071496
0.65,0.37,128.34568678999943
0.65,0.38,128.8610435202222
0.65,0.39,129.43601589483953
0.65,0.4,130.06697912830734
0.65,0.41,130.75056495221014
0.65,0.42,131.4836428779284
0.65,0.43,132.2633026405997
0.65,0.44,133.08683780184862
0.65,0.45,133.95173047598584
0.65,0.46,134.8556371352552
0.65,0.47,135.7963754435268
0.65,0.48,136.77191206399337
0.65,0.49,137.7803513844251
0.65,0.5,138.819925102953
0.65,0.51,139.88898261785386
0.65,0.52,140.98598216611884
0.65,0.53,142.10948265747712
0.65,0.54,143.25813615284773
0.65,0.55,144.43068093875542
0.65,0.56,145.62593515196764
0.65,0.57,146.8427909113988
0.65,0.58,148.08020891712164
0.65,0.59,149.3372134790798
0.65,0.6,150.6128879407616
0.65,0.61,151.9063704656662
0.65,0.62,153.21685015683218
0.65,0.63,154.54356348201563
0.65,0.64,155.88579097927695
0.65,0.65,157.2428542197638
0.65,0.66,158.6141130063857
0.65,0.67,159.99896278882272
0.65,0.68,161.39683227695082
0.65,0.69,162.80718123626667
0.65,0.7,164.22949845028353
0.65,0.71,165.6632998361461
0.65,0.72,167.10812670088333
0.65,0.73,168.5635441267958
0.65,0.74,170.02913947545483
0.65,0.75,171.50452100069498
0.65,0.76,172.98931656180307
0.65,0.77,174.4831724288638
0.65,0.78,175.98575217290417
0.65,0.79,177.4967356341092
0.65,0.8,179.0158179619576
0.65,0.81,180.54270872164238
0.65,0.82,182.07713106162254
0.65,0.83,183.61882093758243
0.65,0.84,185.16752638848033
0.65,0.85,186.72300686071577
0.65,0.86,188.28503257678844
0.65,0.87,189.85338394511328
0.65,0.88,191.42785100793472
0.65,0.89,193.00823292453197
0.65,0.9,194.59433748713732
0.65,0.91,196.18598066719343
0.65,0.92,197.78298618977655
0.65,0.93,199.38518513416938
0.65,0.94,200.9924155587499
0.65,0.95,202.60452214848098
0.65,0.96,204.22135588344366
0.65,0.97,205.84277372696172
0.65,0.98,207.46863833198313
0.65,0.99,209.0988177644883
0.65,1.0,210.73318524278145
0.66,0.05,185.6236654085875
0.66,0.06,179.94765518437333
0.66,0.07,174.64048710467083
0.66,0.08,169.69369987154724
0.66,0.09,165.09749112980194
0.66,0.1,160.84089181864493
0.66,0.11,156.91195642096426
0.66,0.12,153.297960875305
0.66,0.13,149.9856004122895
0.66,0.14,146.9611805775991
0.66,0.15,144.21079601337865
0.66,0.16,141.72049300415327
0.66,0.17,139.47641320077486
0.66,0.18,137.46491720898473
0.66,0.19,135.6726878036778
0.66,0.2,134.08681337850274
0.66,0.21,132.69485286342598
0.66,0.22,131.48488375925027
0.66,0.23,130.44553517729972
0.66,0.24,129.56600786847034
0.66,0.25,128.83608321234777
0.66,0.26,128.24612304514972
0.66,0.27,127.78706206139952
0.66,0.28,127.45039435018795
0.66,0.29,127.22815543938712
0.66,0.3,127.1129010326348
0.66,0.31,127.09768344289007
0.66,0.32,127.17602655840679
0.66,0.33,127.34190002522969
0.66,0.34,127.58969319616062
0.66,0.35,127.91418927970088
0.66,0.36,128.31054002300831
0.66,0.37,128.7742411791873
0.66,0.38,129.30110893969868
0.66,0.39,129.88725745571824
0.66,0.4,130.52907752620612
0.66,0.41,131.22321649374112
0.66,0.42,131.96655936035899
0.66,0.43,132.75621111342483
0.66,0.44,133.58948023482256
0.66,0.45,134.46386335446206
0.66,0.46,135.37703100044487
0.66,0.47,136.32681439247037
0.66,0.48,137.31119322159446
0.66,0.49,138.328284357794
0.66,0.5,139.3763314264981
0.66,0.51,140.45369519601593
0.66,0.52,141.55884471932936
0.66,0.53,142.69034917580274
0.66,0.54,143.84687036084628
0.66,0.55,145.0271557742734
0.66,0.56,146.23003226094582
0.66,0.57,147.45440016019842
0.66,0.58,148.69922792342715
0.66,0.59,149.96354716205212
0.66,0.6,151.24644809080678
0.66,0.61,152.54707533393056
0.66,0.62,153.86462406433418
0.66,0.63,155.19833644815716
0.66,0.64,156.54749836935142
0.66,0.65,157.91143641097992
0.66,0.66,159.28951507184902
0.66,0.67,160.68113419886242
0.66,0.68,162.08572661714095
0.66,0.69,163.50275594146686
0.66,0.7,164.93171455400824
0.66,0.71,166.37212173457033
0.66,0.72,167.82352193079313
0.66,0.73,169.2854831568
0.66,0.74,170.75759550978893
0.66,0.75,172.23946979496438
0.66,0.76,173.73073625003272
0.66,0.77,175.23104336123905
0.66,0.78,176.74005676361634
0.66,0.79,178.25745821873903
0.66,0.8,179.78294466385245
0.66,0.81,181.3162273267713
0.66,0.82,182.85703090141493
0.66,0.83,184.40509277928112
0.66,0.84,185.96016233256032
0.66,0.85,187.52200024494815
0.66,0.86,189.09037788654666
0.66,0.87,190.66507672954162
0.66,0.88,192.24588780162017
0.66,0.89,193.83261117434077
0.66,0.9,195.4250554838938
0.66,0.91,197.0230374819031
0.66,0.92,198.62638161410248
0.66,0.93,200.23491962490104
0.66,0.94,201.8484901860048
0.66,0.95,203.46693854740658
0.66,0.96,205.0901162091946
0.66,0.97,206.71788061273972
0.66,0.98,208.35009484994643
0.66,0.99,209.98662738934195
0.66,1.0,211.62735181787704
0.67,0.05,185.5986872341763
0.67,0.06,179.9261614985074
0.67,0.07,174.62489110577525
0.67,0.08,169.68619629664565
0.67,0.09,165.10004526440045
0.67,0.1,160.85523427803517
0.67,0.11,156.9395834184164
0.67,0.12,153.34013941963326
0.67,0.13,150.04337768801022
0.67,0.14,147.03539665919922
0.67,0.15,144.3020990421628
0.67,0.16,141.82935599535992
0.67,0.17,139.60315173124553
0.67,0.18,137.6097073437039
0.67,0.19,135.83558373806153
0.67,0.2,134.26776439118638
0.67,0.21,132.89371928388795
0.67,0.22,131.70145175139206
0.67,0.23,130.67953022196977
0.67,0.24,129.81710689445669
0.67,0.25,129.10392537736294
0.67,0.26,128.5303192072087
0.67,0.27,128.08720300856774
0.67,0.28,127.7660578748299
0.67,0.29,127.55891235362427
0.67,0.3,127.45832022639311
0.67,0.31,127.45733608614782
0.67,0.32,127.54948954627774
0.67,0.33,127.72875875934866
0.67,0.34,127.98954378927623
0.67,0.35,128.32664026305062
0.67,0.36,128.73521362841643
0.67,0.37,129.21077426022288
0.67,0.38,129.74915358890428
0.67,0.39,130.3464813680073
0.67,0.4,130.99916415213633
0.67,0.41,131.70386502054325
0.67,0.42,132.45748455334487
0.67,0.43,133.25714304571173
0.67,0.44,134.100163929162
0.67,0.45,134.98405835731535
0.67,0.46,135.90651090527078
0.67,0.47,136.865366326422
0.67,0.48,137.85861730744435
0.67,0.49,138.88439316085234
0.67,0.5,139.94094939453515
0.67,0.51,141.026658098706
0.67,0.52,142.1399990924624
0.67,0.53,143.27955177444014
0.67,0.54,144.44398762468745
0.67,0.55,145.6320633077491
0.67,0.56,146.8426143299156
0.67,0.57,148.07454920660973
0.67,0.58,149.32684409885272
0.67,0.59,150.59853788067045
0.67,0.6,151.88872760209594
0.67,0.61,153.1965643151128
0.67,0.62,154.52124923241445
0.67,0.63,155.8620301912537
0.67,0.64,157.2181983968974
0.67,0.65,158.58908542228292
0.67,0.66,159.9740604424326
0.67,0.67,161.37252768396098
0.67,0.68,162.78392407169005
0.67,0.69,164.20771705590732
0.67,0.7,165.64340260521752
0.67,0.71,167.09050335122666
0.67,0.72,168.54856687248864
0.67,0.73,170.0171641062282
0.67,0.74,171.49588787734294
0.67,0.75,172.98435153510562
0.67,0.76,174.4821876888047
0.67,0.77,175.98904703432825
0.67,0.78,177.50459726437745
0.67,0.79,179.0285220556332
0.67,0.8,180.56052012676736
0.67,0.81,182.10030436171579
0.67,0.82,183.64760099310377
0.67,0.83,185.2021488411537
0.67,0.84,186.7636986037955
0.67,0.85,188.3320121940602
0.67,0.86,189.90686212117083
0.67,0.87,191.48803091203834
0.67,0.88,193.07531057014612
0.67,0.89,194.66850206905468
0.67,0.9,196.26741487798395
0.67,0.91,197.87186651713975
0.67,0.92,199.48168214063801
0.67,0.93,201.09669414505308
0.67,0.94,202.71674180177388
0.67,0.95,204.34167091149996
0.67,0.96,205.97133347932868
0.67,0.97,207.6055874090213
0.67,0.98,209.24429621513607
0.67,0.99,210.88732875181572
0.67,1.0,212.53455895711508
0.68,0.05,185.57680052508863
0.68,0.06,179.9083056522099
0.68,0.07,174.61344868037853
0.68,0.08,169.6833289812732
0.68,0.09,165.1076833842173
0.68,0.1,160.87507217159575
0.68,0.11,156.97308035729174
0.68,0.12,153.38852546651597
0.68,0.13,150.10766370525707
0.68,0.14,147.11638758693547
0.68,0.15,144.40040955253738
0.68,0.16,141.94542767911443
0.68,0.17,139.73727106425284
0.68,0.18,137.7620237960528
0.68,0.19,136.00612751155157
0.68,0.2,134.45646339175934
0.68,0.21,133.10041504632574
0.68,0.22,131.92591413043266
0.68,0.23,130.9214707450996
0.68,0.24,130.0761907369356
0.68,0.25,129.3797819705389
0.68,0.26,128.82255152849118
0.68,0.27,128.39539562748539
0.68,0.28,128.08978384634756
0.68,0.29,127.89773905922867
0.68,0.3,127.81181426705547
0.68,0.31,127.82506733060585
0.68,0.32,127.93103443437563
0.68,0.33,128.1237029544196
0.68,0.34,128.39748426654225
0.68,0.35,128.74718691334317
0.68,0.36,129.1679904486417
0.68,0.37,129.65542019422546
0.68,0.38,130.20532307494247
0.68,0.39,130.81384464208483
0.68,0.4,131.47740735002276
0.68,0.41,132.19269011548909
0.68,0.42,132.9566091612688
0.68,0.43,133.76630012499146
0.68,0.44,134.61910139805795
0.68,0.45,135.51253864846953
0.68,0.46,136.4443104735969
0.68,0.47,137.41227512400215
0.68,0.48,138.41443823671884
0.68,0.49,139.44894151539478
0.68,0.5,140.51405229500168
0.68,0.51,141.60815393010492
0.68,0.52,142.72973694766256
0.68,0.53,143.8773909078057
0.68,0.54,145.0497969188644
0.68,0.55,146.24572075590166
0.68,0.56,147.46400653510904
0.68,0.57,148.7035708995401
0.68,0.58,149.96339767471315
0.68,0.59,151.24253295560527
0.68,0.6,152.54008058942756
0.68,0.61,153.85519802129875
0.68,0.62,155.18709247252423
0.68,0.63,156.53501742361522
0.68,0.64,157.8982693764511
0.68,0.65,159.27618487211183
0.68,0.66,160.66813774286402
0.68,0.67,162.07353657860637
0.68,0.68,163.49182238975158
0.68,0.69,164.9224664500718
0.68,0.7,166.364968304447
0.68,0.71,167.818853927761
0.68,0.72,169.28367402237802
0.68,0.73,170.75900244273086
0.68,0.74,172.24443473653534
0.68,0.75,173.7395867930744
0.68,0.76,175.24409358980742
0.68,0.77,176.75760802933414
0.68,0.78,178.2797998594228
0.68,0.79,179.81035466944857
0.68,0.8,181.34897295715712
0.68,0.81,182.89536926019667
0.68,0.82,184.44927134732995
0.68,0.83,186.01041946468237
0.68,0.84,187.5785656327628
0.68,0.85,189.15347299036904
0.68,0.86,190.7349151818041
0.68,0.87,192.32267578413698
0.68,0.88,193.91654777150913
0.68,0.89,195.51633301373485
0.68,0.9,197.12184180667776
0.68,0.91,198.73289243207765
0.68,0.92,200.34931074470452
0.68,0.93,201.97092978488152
0.68,0.94,203.59758941456894
0.68,0.95,205.22913597536208
0.68,0.96,206.86542196686548
0.68,0.97,208.50630574404403
0.68,0.98,210.15165123224472
0.68,0.99,211.80132765870144
0.68,1.0,213.45520929940503
0.69,0.05,185.55797788092684
0.69,0.06,179.89405636957505
0.69,0.07,174.6061251743524
0.69,0.08,169.6850603882032
0.69,0.09,165.12036557442394
0.69,0.1,160.90036373519033
0.69,0.11,157.01240418552666
0.69,0.12,153.44307527712067
0.69,0.13,150.17841468175178
0.69,0.14,147.2041102186669
0.69,0.15,144.50568576074406
0.69,0.16,142.06866837455607
0.69,0.17,139.87873438247712
0.69,0.18,137.92183337811284
0.69,0.19,136.18429032585385
0.69,0.2,134.65288671597887
0.69,0.21,133.31492234013578
0.69,0.22,132.1582596264848
0.69,0.23,131.17135266588284
0.69,0.24,130.34326310909177
0.69,0.25,129.6636650571335
0.69,0.26,129.12284093544756
0.69,0.27,128.71167016489002
0.69,0.28,128.42161224067908
0.69,0.29,128.2446856206515
0.69,0.3,128.17344361845954
0.69,0.31,128.20094830353145
0.69,0.32,128.32074323253713
0.69,0.33,128.526825679233
0.69,0.34,128.813618891614
0.69,0.35,129.17594478688417
0.69,0.36,129.60899739465987
0.69,0.37,130.10831727542342
0.69,0.38,130.66976707270885
0.69,0.39,131.28950830194992
0.69,0.4,131.9639794345178
0.69,0.41,132.68987530053388
0.69,0.42,133.46412780701863
0.69,0.43,134.28388794746266
0.69,0.44,135.14650906380936
0.69,0.45,136.04953131108113
0.69,0.46,136.9906672676227
0.69,0.47,137.96778862943225
0.69,0.48,138.9789139247111
0.69,0.49,140.02219718410205
0.69,0.5,141.09591750267063
0.69,0.51,142.1984694312205
0.69,0.52,143.32835413673837
0.69,0.53,144.48417127442792
0.69,0.54,145.66461151676987
0.69,0.55,146.86844968817755
0.69,0.56,148.09453845703965
0.69,0.57,149.3418025401392
0.69,0.58,150.60923337761142
0.69,0.59,151.89588423963627
0.69,0.6,153.20086572900559
0.69,0.61,154.52334164647968
0.69,0.62,155.8625251884795
0.69,0.63,157.2176754491198
0.69,0.64,158.58809420089665
0.69,0.65,159.97312293047847
0.69,0.66,161.37214010803754
0.69,0.67,162.7845586703859
0.69,0.68,164.2098236998787
0.69,0.69,165.64741028259462
0.69,0.7,167.09682153073234
0.69,0.71,168.55758675547315
0.69,0.72,170.0292597777518
0.69,0.73,171.51141736548024
0.69,0.74,173.00365778675854
0.69,0.75,174.50559946953143
0.69,0.76,176.01687975897462
0.69,0.77,177.53715376465632
0.69,0.78,179.06609329021123
0.69,0.79,180.6033858388937
0.69,0.8,182.1487336889516
0.69,0.81,183.70185303328554
0.69,0.82,185.26247317833014
0.69,0.83,186.83033579753257
0.69,0.84,188.4051942351909
0.69,0.85,189.98681285678566
0.69,0.86,191.57496644224585
0.69,0.87,193.16943961890956
0.69,0.88,194.77002633119562
0.69,0.89,196.37652934425483
0.69,0.9,197.98875977909606
0.69,0.91,199.6065366768848
0.69,0.92,201.22968659030087
0.69,0.93,202.8580432000136
0.69,0.94,204.49144695448317
0.69,0.95,206.1297447314513
0.69,0.96,207.77278951959843
0.69,0.97,209.420440118978
0.69,0.98,211.0725608589378
0.69,0.99,212.7290213323441
0.69,1.0,214.3896961450087
0.7,0.05,185.5421953177385
0.7,0.06,179.88338623909848
0.7,0.07,174.60289017951786
0.7,0.08,169.69135754671998
0.7,0.09,165.1380567517878
0.7,0.1,160.9310722513512
0.7,0.11,157.0575170680365
0.7,0.12,153.50375046002068
0.7,0.13,150.25559227755846
0.7,0.14,147.298526917915
0.7,0.15,144.6178914237421
0.7,0.16,142.19904395124257
0.7,0.17,140.02751040591778
0.7,0.18,138.0891084056802
0.7,0.19,136.37004883440895
0.7,0.2,134.85701608301588
0.7,0.21,133.53722865546573
0.7,0.22,132.39848217540174
0.7,0.23,131.42917700389998
0.7,0.24,130.61833271081434
0.7,0.25,129.95559156912003
0.7,0.26,129.4312130969554
0.7,0.27,129.036061483335
0.7,0.28,128.76158752256563
0.7,0.29,128.59980646557867
0.7,0.3,128.54327298530896
0.7,0.31,128.58505425552414
0.7,0.32,128.7187019627439
0.7,0.33,128.938223911253
0.7,0.34,129.23805574228234
0.7,0.35,129.61303316956878
0.7,0.36,130.05836503337693
0.7,0.37,130.56960739193337
0.7,0.38,131.14263880112802
0.7,0.39,131.7736368783522
0.7,0.4,132.4590562025627
0.7,0.41,133.19560756835867
0.7,0.42,133.9802385854702
0.7,0.43,134.81011559518433
0.7,0.44,135.68260686070334
0.7,0.45,136.59526697819683
0.7,0.46,137.54582244851144
0.7,0.47,138.53215834542613
0.7,0.48,139.55230601437452
0.7,0.49,140.60443173521736
0.7,0.5,141.68682628352164
0.7,0.51,142.79789532659234
0.7,0.52,143.93615059291344
0.7,0.53,145.1002017565129
0.7,0.54,146.28874898089347
0.7,0.55,147.50057607044602
0.7,0.56,148.73454418059072
0.7,0.57,149.98958604119886
0.7,0.58,151.26470065108464
0.7,0.59,152.5589484044778
0.7,0.6,153.87144661337896
0.7,0.61,155.20136539252266
0.7,0.62,156.54792387635
0.7,0.63,157.9103867398834
0.7,0.64,159.28806099772765
0.7,0.65,160.68029305758773
0.7,0.66,162.0864660066915
0.7,0.67,163.5059971113563
0.7,0.68,164.9383355116441
0.7,0.69,166.38296009460637
0.7,0.7,167.83937753106215
0.7,0.71,169.30712046216385
0.7,0.72,170.78574582320837
0.7,0.73,172.27483329324778
0.7,0.74,173.7739838600638
0.7,0.75,175.28281849097348
0.7,0.76,176.8009769007793
0.7,0.77,178.3281164089315
0.7,0.78,179.86391087866193
0.7,0.79,181.40804973147976
0.7,0.8,182.96023703099806
0.7,0.81,184.5201906305712
0.7,0.82,186.08764137971372
0.7,0.83,187.66233238468612
0.7,0.84,189.24401831904385
0.7,0.85,190.83246478028954
0.7,0.86,192.42744768910677
0.7,0.87,194.0287527279393
0.7,0.88,195.63617481595864
0.7,0.89,197.2495176177069
0.7,0.9,198.8685930829201
0.7,0.91,200.49322101525627
0.7,0.92,202.12322866781713
0.7,0.93,203.75845036354733
0.7,0.94,205.39872713873027
0.7,0.95,207.0439064079509
0.7,0.96,208.69384164902468
0.7,0.97,210.34839210650702
0.7,0.98,212.00742251250963
0.7,0.99,213.67080282364424
0.7,1.0,215.33840797301056
0.71,0.05,185.52943195271098
0.71,0.06,179.876271353025
0.71,0.07,174.6037171330821
0.71,0.08,169.70219161729926
0.71,0.09,165.16072619943574
0.71,0.1,160.96716555861835
0.71,0.11,157.10838587474495
0.71,0.12,153.57051744163147
0.71,0.13,150.33916305124364
0.71,0.14,147.39960499865325
0.71,0.15,144.73699527516044
0.71,0.16,142.33652525844533
0.71,0.17,140.1835728163965
0.71,0.18,138.26382611956896
0.71,0.19,136.56338456185557
0.71,0.2,135.06883801424763
0.71,0.21,133.7673262023464
0.71,0.22,132.64658033913378
0.71,0.23,131.69494930148412
0.71,0.24,130.90141265378804
0.71,0.25,130.25558273366514
0.71,0.26,129.74769785681394
0.71,0.27,129.36860849831476
0.71,0.28,129.10975808792054
0.71,0.29,128.96315983317547
0.71,0.3,128.92137076794586
0.71,0.31,128.9774640225171
0.71,0.32,129.1250001291044
0.71,0.33,129.35799801539557
0.71,0.34,129.6709061989425
0.71,0.35,130.0585745760215
0.71,0.36,130.5162270985197
0.71,0.37,131.0394355495857
0.71,0.38,131.6240945612085
0.71,0.39,132.26639796249182
0.71,0.4,132.96281650427548
0.71,0.41,133.71007697211593
0.71,0.42,134.50514267389593
0.71,0.43,135.34519526908343
0.71,0.44,136.22761789269472
0.71,0.45,137.14997951730933
0.71,0.46,138.11002049015565
0.71,0.47,139.10563917863266
0.71,0.48,140.13487965603463
0.71,0.49,141.19592035923196
0.71,0.5,142.28706365122278
0.71,0.51,143.40672622349604
0.71,0.52,144.55343027577555
0.71,0.53,145.72579541375185
0.71,0.54,146.9225312086842
0.71,0.55,148.1424303661731
0.71,0.56,149.3843624548289
0.71,0.57,150.6472681489775
0.71,0.58,151.9301539428475
0.71,0.59,153.23208729688338
0.71,0.6,154.55219217985936
0.71,0.61,155.88964497335806
0.71,0.62,157.24367070787252
0.71,0.63,158.6135396023301
0.71,0.64,159.9985638811827
0.71,0.65,161.39809484539936
0.71,0.66,162.81152017571426
0.71,0.67,164.23826144834604
0.71,0.68,165.67777184511925
0.71,0.69,167.12953404148902
0.71,0.7,168.59305825741774
0.71,0.71,170.06788045736576
0.71,0.72,171.55356068686967
0.71,0.73,173.04968153428325
0.71,0.74,174.5558467072586
0.71,0.75,176.07167971446455
0.71,0.76,177.59682264387337
0.71,0.77,179.13093502970875
0.71,0.78,180.67369280083807
0.71,0.79,182.224787304024
0.71,0.8,183.7839243960266
0.71,0.81,185.35082359905994
0.71,0.82,186.92521731459553
0.71,0.83,188.50685009092126
0.71,0.84,190.0954779402724
0.71,0.85,191.69086770169562
0.71,0.86,193.29279644614175
0.71,0.87,194.9010509205731
0.71,0.88,196.5154270281452
0.71,0.89,198.13572934176426
0.71,0.9,199.7617706485463
0.71,0.91,201.3933715229118
0.71,0.92,203.03035992622867
0.71,0.93,204.67257083108908
0.71,0.94,206.31984586846298
0.71,0.95,207.97203299610638
0.71,0.96,209.62898618673506
0.71,0.97,211.29056513459224
0.71,0.98,212.95663497914265
0.71,0.99,214.62706604472996
0.71,1.0,216.30173359511542
0.72,0.05,185.519669711665
0.72,0.06,179.8726909736356
0.72,0.07,174.60858294798112
0.72,0.08,169.71753749097397
0.72,0.09,165.18834713988926
0.72,0.1,161.00861560252417
0.72,0.11,157.16498171341686
0.72,0.12,153.64334698438384
0.72,0.13,150.42909796646742
0.72,0.14,147.50731622299926
0.72,0.15,144.86297051638965
0.72,0.16,142.4810876115916
0.72,0.17,140.34689974099297
0.72,0.18,138.44596816741827
0.72,0.19,136.76428338535982
0.72,0.2,135.2883433150766
0.72,0.21,134.00521139381593
0.72,0.22,132.90255679085465
0.72,0.23,131.96867911145935
0.72,0.24,131.1925199523826
0.72,0.25,130.56366356766404
0.72,0.26,130.07232873239158
0.72,0.27,129.70935368147863
0.72,0.28,129.46617577207294
0.72,0.29,129.33480728783658
0.72,0.3,129.30780858212475
0.72,0.31,129.3782595521334
0.72,0.32,129.539730251415
0.72,0.33,129.78625128549055
0.72,0.34,130.11228449473543
0.72,0.35,130.5126943092971
0.72,0.36,130.98272006087967
0.72,0.37,131.51794945381516
0.72,0.38,132.11429333081253
0.72,0.39,132.76796181503516
0.72,0.4,133.4754418677218
0.72,0.41,134.2334762676126
0.72,0.42,135.0390439933684
0.72,0.43,135.88934197154674
0.72,0.44,136.78176813930884
0.72,0.45,137.7139057618529
0.72,0.46,138.68350893870874
0.72,0.47,139.6884892297973
0.72,0.48,140.72690333092615
0.72,0.49,141.796941728698
0.72,0.5,142.8969182662578
0.72,0.51,144.02526055356125
0.72,0.52,145.18050115869082
0.72,0.53,146.36126951995556
0.72,0.54,147.5662845219404
0.72,0.55,148.7943476822098
0.72,0.56,150.04433689891422
0.72,0.57,151.31520071304126
0.72,0.58,152.60595304244518
0.72,0.59,153.9156683480395
0.72,0.6,155.2434771956351
0.72,0.61,156.58856217982245
0.72,0.62,157.9501541790475
0.72,0.63,159.3275289135767
0.72,0.64,160.72000378044117
0.72,0.65,162.12693494164276
0.72,0.66,163.54771464394938
0.72,0.67,164.9817687504769
0.72,0.68,166.4285544659809
0.72,0.69,167.8875582393654
0.72,0.7,169.35829382836053
0.72,0.71,170.8403005126488
0.72,0.72,172.33314144292575
0.72,0.73,173.83640211449514
0.72,0.74,175.3496889549939
0.72,0.75,176.87262801676692
0.72,0.76,178.40486376525087
0.72,0.77,179.9460579554759
0.72,0.78,181.49588858950338
0.72,0.79,183.05404894822738
0.72,0.8,184.62024669156276
0.72,0.81,186.19420302154313
0.72,0.82,187.77565190334434
0.72,0.83,189.36433933966384
0.72,0.84,190.96002269429118
0.72,0.85,192.56247006105534
0.72,0.86,194.1714596746575
0.72,0.87,195.7867793601986
0.72,0.88,197.40822601847623
0.72,0.89,199.03560514436774
0.72,0.9,200.66873037584585
0.72,0.91,202.30742307136856
0.72,0.92,203.95151191357726
0.72,0.93,205.60083253739768
0.72,0.94,207.25522718079966
0.72,0.95,208.91454435660813
0.72,0.96,210.57863854388592
0.72,0.97,212.24736989752464
0.72,0.98,213.92060397479406
0.72,0.99,215.5982114776874
0.72,1.0,217.28006800999734
0.73,0.05,185.51289305736051
0.73,0.06,179.8726272241628
0.73,0.07,174.61746767151337
0.73,0.08,169.73737342049805
0.73,0.09,165.2208963432199
0.73,0.1,161.05539802484716
0.73,0.11,157.2272795037097
0.73,0.12,153.72221374886556
0.73,0.13,150.5253719450911
0.73,0.14,147.62163634775806
0.73,0.15,144.99579435865203
0.73,0.16,142.6327103316092
0.73,0.17,140.51747329010888
0.73,0.18,138.63552014165649
0.73,0.19,136.97273507344582
0.73,0.2,135.51552661540953
0.73,0.21,134.25088438868963
0.73,0.22,133.16641786054936
0.73,0.23,132.25037954598474
0.73,0.24,131.4916750761304
0.73,0.25,130.8798624341844
0.73,0.26,130.40514247534338
0.73,0.27,130.05834262592344
0.73,0.28,129.83089541993854
0.73,0.29,129.71481329456554
0.73,0.3,129.7026608399644
0.73,0.31,129.78752549062628
0.73,0.32,129.96298745856714
0.73,0.33,130.2230895447124
0.73,0.34,130.56230732365356
0.73,0.35,130.97552007740973
0.73,0.36,131.45798275413793
0.73,0.37,132.00529914577697
0.73,0.38,132.6133964121976
0.73,0.39,133.27850102636637
0.73,0.4,133.99711617331576
0.73,0.41,134.7660006034656
0.73,0.42,135.5821489164472
0.73,0.43,136.44277323358858
0.73,0.44,137.34528620442183
0.73,0.45,138.28728528390863
0.73,0.46,139.26653821170848
0.73,0.47,140.2809696219821
0.73,0.48,141.32864871136803
0.73,0.49,142.4077778933919
0.73,0.5,143.51668236928654
0.73,0.51,144.6538005477052
0.73,0.52,145.8176752488464
0.73,0.53,147.00694563189967
0.73,0.54,148.22033978829126
0.73,0.55,149.4566679468814
0.73,0.56,150.7148162408959
0.73,0.57,151.99374098997887
0.73,0.58,153.29246345419557
0.73,0.59,154.61006502014203
0.73,0.6,155.94568278245777
0.73,0.61,157.29850548700267
0.73,0.62,158.6677698047342
0.73,0.63,160.05275690790862
0.73,0.64,161.45278932263375
0.73,0.65,162.86722803402216
0.73,0.66,164.29546982224977
0.73,0.67,165.7369448097012
0.73,0.68,167.19111420113225
0.73,0.69,168.6574682003545
0.73,0.7,170.1355240884112
0.73,0.71,171.62482444953585
0.73,0.72,173.12493553240589
0.73,0.73,174.63544573530103
0.73,0.74,176.1559642047975
0.73,0.75,177.6861195385345
0.73,0.76,179.2255585834369
0.73,0.77,180.77394532153411
0.73,0.78,182.33095983620558
0.73,0.79,183.89629735232097
0.73,0.8,185.46966734430606
0.73,0.81,187.05079270669097
0.73,0.82,188.63940898217152
0.73,0.83,190.2352636426419
0.73,0.84,191.83811541904967
0.73,0.85,193.44773367627795
0.73,0.86,195.06389782958635
0.73,0.87,196.6863967994346
0.73,0.88,198.3150285017786
0.73,0.89,199.949599371178
0.73,0.9,201.58992391426932
0.73,0.91,203.2358242913679
0.73,0.92,204.887129924139
0.73,0.93,206.543677127454
0.73,0.94,208.20530876369153
0.73,0.95,209.87187391789425
0.73,0.96,211.54322759230746
0.73,0.97,213.21923041895138
0.73,0.98,214.89974838898388
0.73,0.99,216.58465259769932
0.73,1.0,218.27381900411157
0.74,0.05,185.50908873680626
0.74,0.06,179.8760648022237
0.74,0.07,174.63035416988785
0.74,0.08,169.76168068067383
0.74,0.09,165.2583537674837
0.74,0.1,161.10749178808396
0.74,0.11,157.29525758922173
0.74,0.12,153.80709589655527
0.74,0.13,150.62796346329208
0.74,0.14,147.74254471620597
0.74,0.15,145.13544761236233
0.74,0.16,142.79137633343046
0.74,0.17,140.69527914637965
0.74,0.18,138.83247116983318
0.74,0.19,137.1887328785424
0.74,0.2,135.75038596504228
0.74,0.21,134.5043486902613
0.74,0.22,133.4381731374029
0.74,0.23,132.5400668829167
0.74,0.24,131.79890156028284
0.74,0.25,131.20421065739708
0.74,0.26,130.74617869107212
0.74,0.27,130.41562367032964
0.74,0.28,130.20397451498454
0.74,0.29,130.1032448529419
0.74,0.3,130.10600438912604
0.74,0.31,130.2053488275293
0.74,0.32,130.3948691389944
0.74,0.33,130.66862080222927
0.74,0.34,131.02109350388832
0.74,0.35,131.44718166398883
0.74,0.36,131.9421560535521
0.74,0.37,132.501636689928
0.74,0.38,133.12156712950022
0.74,0.39,133.79819022513738
0.74,0.4,134.52802537476944
0.74,0.41,135.30784725596232
0.74,0.42,136.13466601764506
0.74,0.43,137.00570888281308
0.74,0.44,137.91840310380354
0.74,0.45,138.87036020361833
0.74,0.46,139.85936143185614
0.74,0.47,140.8833443614093
0.74,0.48,141.94039055157972
0.74,0.49,143.02871420421533
0.74,0.5,144.1466517414458
0.74,0.51,145.29265223634707
0.74,0.52,146.46526863108727
0.74,0.53,147.66314968067513
0.74,0.54,148.88503256414006
0.74,0.55,150.12973610876458
0.74,0.56,151.39615457673082
0.74,0.57,152.6832519672164
0.74,0.58,153.9900567905013
0.74,0.59,155.3156572740265
0.74,0.6,156.65919696353535
0.74,0.61,158.01987068542687
0.74,0.62,159.3969208392707
0.74,0.63,160.78963399202993
0.74,0.64,162.19733774798252
0.74,0.65,163.61939787055147
0.74,0.66,165.05521563433805
0.74,0.67,166.50422538753574
0.74,0.68,167.96589230665273
0.74,0.69,169.43971032706528
0.74,0.7,170.92520023437945
0.74,0.71,172.42190790291914
0.74,0.72,173.92940266886654
0.74,0.73,175.44727582669418
0.74,0.74,176.97513923854018
0.74,0.75,178.51262404708987
0.74,0.76,180.0593794833758
0.74,0.77,181.6150717616553
0.74,0.78,183.17938305422683
0.74,0.79,184.7520105396741
0.74,0.8,186.33266551859344
0.74,0.81,187.92107259138578
0.74,0.82,189.51696889316295
0.74,0.83,191.12010338124955
0.74,0.84,192.73023617115004
0.74,0.85,194.34713791720796
0.74,0.86,195.97058923450479
0.74,0.87,197.60038015883828
0.74,0.88,199.2363096418928
0.74,0.89,200.87818507894687
0.74,0.9,202.5258218666966
0.74,0.91,204.1790429889651
0.74,0.92,205.8376786282551
0.74,0.93,207.50156580127106
0.74,0.94,209.17054801668627
0.74,0.95,210.84447495356972
0.74,0.96,212.52320215901963
0.74,0.97,214.20659076365448
0.74,0.98,215.89450721373532
0.74,0.99,217.5868230187719
0.74,1.0,219.28341451356874
0.75,0.05,185.50824554589914
0.75,0.06,179.88299071384506
0.75,0.07,174.64722783651365
0.75,0.08,169.79044325546286
0.75,0.09,165.30070222884012
0.75,0.1,161.1648788323826
0.75,0.11,157.36889738462173
0.75,0.12,153.89797473011345
0.75,0.13,150.73685418754883
0.75,0.14,147.87002389189468
0.75,0.15,145.28191432050085
0.75,0.16,142.95707176034253
0.75,0.17,140.8803062011149
0.75,0.18,139.0368135540079
0.75,0.19,137.41227317996916
0.75,0.2,135.99292248071896
0.75,0.21,134.76561079777542
0.75,0.22,133.7178351259117
0.75,0.23,132.83776022670128
0.75,0.24,132.11422567156728
0.75,0.25,131.53674219323173
0.75,0.26,131.0954795142889
0.75,0.27,130.7812475794228
0.75,0.28,130.58547286459125
0.75,0.29,130.5001711873999
0.75,0.3,130.51791820806017
0.75,0.31,130.63181859596799
0.75,0.32,130.8354746462112
0.75,0.33,131.12295496420708
0.75,0.34,131.4887636946307
0.75,0.35,131.92781065131206
0.75,0.36,132.43538260578697
0.75,0.37,133.00711591135055
0.75,0.38,133.63897057440053
0.75,0.39,134.32720583328395
0.75,0.4,135.06835726464897
0.75,0.41,135.85921540652689
0.75,0.42,136.69680586437582
0.75,0.43,137.57837084961525
0.75,0.44,138.50135208856295
0.75,0.45,139.46337503207855
0.75,0.46,140.4622342917905
0.75,0.47,141.4958802267744
0.75,0.48,142.56240660442072
0.75,0.49,143.6600392604808
0.75,0.5,144.78712568552945
0.75,0.51,145.94212546805835
0.75,0.52,147.1236015278367
0.75,0.53,148.3302120769009
0.75,0.54,149.56070324939705
0.75,0.55,150.81390234538577
0.75,0.56,152.08871163758357
0.75,0.57,153.38410269374575
0.75,0.58,154.69911117100952
0.75,0.59,156.03283204193485
0.75,0.6,157.38441521522844
0.75,0.61,158.75306151716532
0.75,0.62,160.1380190025736
0.75,0.63,161.53857956687784
0.75,0.64,162.9540758331433
0.75,0.65,164.38387829032146
0.75,0.66,165.8273926609723
0.75,0.67,167.28405747864804
0.75,0.68,168.75334185686944
0.75,0.69,170.2347434332381
0.75,0.7,171.72778647367397
0.75,0.71,173.23202012312038
0.75,0.72,174.74701679026748
0.75,0.73,176.27237065495925
0.75,0.74,177.80769628795613
0.75,0.75,179.3526273736535
0.75,0.76,180.9068155271796
0.75,0.77,182.46992919807388
0.75,0.78,184.0416526534204
0.75,0.79,185.62168503395503
0.75,0.8,187.20973947722652
0.75,0.81,188.8055423024112
0.75,0.82,190.40883225185982
0.75,0.83,192.0193597848716
0.75,0.84,193.63688641958967
0.75,0.85,195.26118411926367
0.75,0.86,196.8920347194407
0.75,0.87,198.52922939294913
0.75,0.88,200.17256814979373
0.75,0.89,201.8218593693345
0.75,0.9,203.47691936233159
0.75,0.91,205.13757196064614
0.75,0.92,206.80364813256745
0.75,0.93,208.47498562189813
0.75,0.94,210.15142860909467
0.75,0.95,211.8328273928804
0.75,0.96,213.51903809088975
0.75,0.97,215.20992235800955
0.75,0.98,216.90534712119188
0.75,0.99,218.60518432960595
0.75,1.0,220.30931071908944
0.76,0.05,185.51035410987114
0.76,0.06,179.8933940263038
0.76,0.07,174.66807632204012
0.76,0.08,169.82364754968503
0.76,0.09,165.34792709900015
0.76,0.1,161.22754376242432
0.76,0.11,157.4481830552296
0.76,0.12,153.99483436848786
0.76,0.13,150.8520286476718
0.76,0.14,148.00405933159942
0.76,0.15,145.43518143308918
0.76,0.16,143.12978566126426
0.76,0.17,141.07254623535508
0.76,0.18,139.24854245631573
0.76,0.19,137.6433551745344
0.76,0.2,136.24314004211251
0.76,0.21,135.03467990800053
0.76,0.22,134.00541895315249
0.76,0.23,133.14348122135587
0.76,0.24,132.43767612682493
0.76,0.25,131.87749335357296
0.76,0.26,131.45308933863546
0.76,0.27,131.15526727887243
0.76,0.28,130.97545234007714
0.76,0.29,130.90566349223994
0.76,0.3,130.93848315589221
0.76,0.31,131.0670256273508
0.76,0.32,131.28490505829453
0.76,0.33,131.58620359814194
0.76,0.34,131.96544016540375
0.76,0.35,132.41754019489144
0.76,0.36,132.9378066091233
0.76,0.37,133.52189218209256
0.76,0.38,134.16577339924925
0.76,0.39,134.86572586676402
0.76,0.4,135.6183012837192
0.76,0.41,136.42030596086474
0.76,0.42,137.26878084728926
0.76,0.43,138.1609830103173
0.76,0.44,139.0943685029113
0.76,0.45,140.06657654579433
0.76,0.46,141.0754149475316
0.76,0.47,142.11884668422522
0.76,0.48,143.1949775606977
0.76,0.49,144.3020448765914
0.76,0.5,145.4384070233384
0.76,0.51,146.60253394113465
0.76,0.52,147.79299836869083
0.76,0.53,149.00846782239378
0.76,0.54,150.2476972455236
0.76,0.55,151.50952227217218
0.76,0.56,152.7928530544541
0.76,0.57,154.09666860542637
0.76,0.58,155.42001161380026
0.76,0.59,156.7619836900068
0.76,0.6,158.12174100646314
0.76,0.61,159.49849029796044
0.76,0.62,160.89148519096287
0.76,0.63,162.30002283326982
0.76,0.64,163.7234407979544
0.76,0.65,165.16111423776155
0.76,0.66,166.61245326824286
0.76,0.67,168.0769005598148
0.76,0.68,169.55392912069146
0.76,0.69,171.04304025424236
0.76,0.7,172.54376167579892
0.76,0.71,174.05564577526698
0.76,0.72,175.57826801312825
0.76,0.73,177.11122543851815
0.76,0.74,178.65413531908607
0.76,0.75,180.2066338732572
0.76,0.76,181.76837509635698
0.76,0.77,183.3390296728158
0.76,0.78,184.91828396736247
0.76,0.79,186.5058390887464
0.76,0.8,188.10141002009217
0.76,0.81,189.70472481051155
0.76,0.82,191.31552382307058
0.76,0.83,192.9335590346322
0.76,0.84,194.55859338348318
0.76,0.85,196.19040016101184
0.76,0.86,197.82876244401973
0.76,0.87,199.47347256453946
0.76,0.88,201.12433161430397
0.76,0.89,202.78114898124318
0.76,0.9,204.44374191561735
0.76,0.91,206.1119351235758
0.76,0.92,207.7855603861356
0.76,0.93,209.46445620172196
0.76,0.94,211.1484674505679
0.76,0.95,212.83744507941933
0.76,0.96,214.5312458050951
0.76,0.97,216.22973183559336
0.76,0.98,217.93277060751376
0.76,0.99,219.64023453868242
0.76,1.0,221.35200079494035
0.77,0.05,185.51540667812324
0.77,0.06,179.9072656381548
0.77,0.07,174.69288928432047
0.77,0.08,169.86128212330937
0.77,0.09,165.4000160278475
0.77,0.1,161.2954735619691
0.77,0.11,157.53310122664894
0.77,0.12,154.09766145435438
0.77,0.13,150.9734739443409
0.77,0.14,148.14463909482856
0.77,0.15,145.5952385201708
0.77,0.16,143.3095097083586
0.77,0.17,141.27199364298687
0.77,0.18,139.4676556282081
0.77,0.19,137.88198061231304
0.77,0.2,136.5010450343832
0.77,0.21,135.31156766467348
0.77,0.22,134.30094212510403
0.77,0.23,133.4572538135664
0.77,0.24,132.76928386271624
0.77,0.25,132.22650258234634
0.77,0.26,131.8190545988882
0.77,0.27,131.53773764332735
0.77,0.28,131.37397667026423
0.77,0.29,131.31979473043228
0.77,0.3,131.36778177618916
0.77,0.31,131.51106235985637
0.77,0.32,131.74326299090077
0.77,0.33,132.05847975027658
0.77,0.34,132.45124661783046
0.77,0.35,132.91650484964217
0.77,0.36,133.44957364418974
0.77,0.37,134.04612225675282
0.77,0.38,134.70214365794556
0.77,0.39,135.41392978232093
0.77,0.4,136.17804837436975
0.77,0.41,136.9913214100128
0.77,0.42,137.8508050501159
0.77,0.43,138.75377106718702
0.77,0.44,139.6976896759709
0.77,0.45,140.6802136921275
0.77,0.46,141.69916393966633
0.77,0.47,142.7525158266379
0.77,0.48,143.8383870091467
0.77,0.49,144.9550260656133
0.77,0.5,146.10080210599548
0.77,0.51,147.27419524408046
0.77,0.52,148.47378786477836
0.77,0.53,149.69825662237446
0.77,0.54,150.94636510983514
0.77,0.55,152.21695714336863
0.77,0.56,153.50895061049167
0.77,0.57,154.8213318337355
0.77,0.58,156.1531504058679
0.77,0.59,157.50351445603198
0.77,0.6,158.87158630952814
0.77,0.61,160.2565785070726
0.77,0.62,161.65775015226833
0.77,0.63,163.07440355869696
0.77,0.64,164.50588117052632
0.77,0.65,165.9515627328166
0.77,0.66,167.41086268979384
0.77,0.67,168.8832277913013
0.77,0.68,170.36813488938998
0.77,0.69,171.8650889086236
0.77,0.7,173.3736209751466
0.77,0.71,174.89328669090042
0.77,0.72,176.42366454059749
0.77,0.73,177.96435442017233
0.77,0.74,179.51497627644176
0.77,0.75,181.07516884862508
0.77,0.76,182.64458850321088
0.77,0.77,184.22290815441954
0.77,0.78,185.80981626319098
0.77,0.79,187.4050159082673
0.77,0.8,189.0082239234966
0.77,0.81,190.6191700960083
0.77,0.82,192.23759642037632
0.77,0.83,193.86325640431207
0.77,0.84,195.49591442182054
0.77,0.85,197.13534511009814
0.77,0.86,198.7813328067754
0.77,0.87,200.4336710243976
0.77,0.88,202.09216195929523
0.77,0.89,203.75661603224668
0.77,0.9,205.42685145854182
0.77,0.91,207.1026938452645
0.77,0.92,208.7839758137871
0.77,0.93,210.47053664563583
0.77,0.94,212.16222195003994
0.77,0.95,213.85888335160908
0.77,0.96,215.56037819671226
0.77,0.97,217.26656927724486
0.77,0.98,218.97732457057495
0.77,0.99,220.69251699455205
0.77,1.0,222.41202417655458
0.78,0.05,185.52339693213352
0.78,0.06,179.92459806492863
0.78,0.07,174.72165815660563
0.78,0.08,169.9033374464814
0.78,0.09,165.45695868924793
0.78,0.1,161.36865733396994
0.78,0.11,157.62364072226663
0.78,0.12,154.20644489164067
0.78,0.13,151.1011794888528
0.78,0.14,148.29175358758047
0.78,0.15,145.7620775209839
0.78,0.16,143.49623795269542
0.78,0.17,141.47864519367582
0.78,0.18,139.6941531811903
0.78,0.19,138.1281535755184
0.78,0.2,136.76664613534243
0.78,0.21,135.59628795396927
0.78,0.22,134.6044243303181
0.78,0.23,133.77910406436206
0.78,0.24,133.10908185512253
0.78,0.25,132.58381028231133
0.78,0.26,132.19342360475494
0.78,0.27,131.92871533679642
0.78,0.28,131.7811112880083
0.78,0.29,131.7426394858503
0.78,0.3,131.8058981544591
0.78,0.31,131.9640227007856
0.78,0.32,132.21065246409154
0.78,0.33,132.53989781658012
0.78,0.34,132.9463080605116
0.78,0.35,133.42484044848794
0.78,0.36,133.97083055623176
0.78,0.37,134.57996415846645
0.78,0.38,135.2482506958252
0.78,0.39,135.97199837161938
0.78,0.4,136.74779087950773
0.78,0.41,137.57246573468325
0.78,0.42,138.44309416035298
0.78,0.43,139.3569624665776
0.78,0.44,140.31155484869896
0.78,0.45,141.30453752657692
0.78,0.46,142.33374414281056
0.78,0.47,143.3971623373436
0.78,0.48,144.49292141677637
0.78,0.49,145.61928103886086
0.78,0.5,146.7746208356872
0.78,0.51,147.95743090270335
0.78,0.52,149.16630308469246
0.78,0.53,150.399922994023
0.78,0.54,151.6570627007486
0.78,0.55,152.9365740383481
0.78,0.56,154.2373824730259
0.78,0.57,155.558481488466
0.78,0.58,156.89892744171382
0.78,0.59,158.25783484944705
0.78,0.6,159.63437206725374
0.78,0.61,161.02775732768558
0.78,0.62,162.4372551057639
0.78,0.63,163.8621727833275
0.78,0.64,165.3018575861014
0.78,0.65,166.7556937696681
0.78,0.66,168.22310003262967
0.78,0.67,169.70352713717165
0.78,0.68,171.19645571902845
0.78,0.69,172.70139427044242
0.78,0.7,174.21787728119634
0.78,0.71,175.745463524133
0.78,0.72,177.2837344728053
0.78,0.73,178.83229284000276
0.78,0.74,180.39076122692097
0.78,0.75,181.95878087365264
0.78,0.76,183.53601050252024
0.78,0.77,185.1221252465174
0.78,0.78,186.7168156558309
0.78,0.79,188.3197867760252
0.78,0.8,189.93075729204872
0.78,0.81,191.54945873273212
0.78,0.82,193.1756347309177
0.78,0.83,194.80904033478438
0.78,0.84,196.44944136631858
0.78,0.85,198.0966138232315
0.78,0.86,199.7503433209402
0.78,0.87,201.4104245715238
0.78,0.88,203.07666089682445
0.78,0.89,204.74886377310247
0.78,0.9,206.426852404878
0.78,0.91,208.11045332578192
0.78,0.92,209.7995000244252
0.78,0.93,211.49383259345527
0.78,0.94,213.19329740012364
0.78,0.95,214.89774677681856
0.78,0.96,216.6070387301451
0.78,0.97,218.3210366672507
0.78,0.98,220.03960913818855
0.78,0.99,221.7626295932192
0.78,1.0,223.48997615402638
0.79,0.05,185.53431980522112
0.79,0.06,179.94538523909824
0.79,0.07,174.75437593240173
0.79,0.08,169.9498056735878
0.79,0.09,165.51874654822325
0.79,0.1,161.4470860643318
0.79,0.11,157.71979232662457
0.79,0.12,154.32117561108467
0.79,0.13,151.23513677299803
0.79,0.14,148.44539533825747
0.79,0.15,145.93569252725564
0.79,0.16,143.68996661593087
0.79,0.17,141.69249983364992
0.79,0.18,139.9280373971788
0.79,0.19,138.38188029869787
0.79,0.2,137.03995414557284
0.79,0.21,135.8888567444888
0.79,0.22,134.915887289598
0.79,0.23,134.10906000820316
0.79,0.24,133.45710498727598
0.79,0.25,132.94945869179398
0.79,0.26,132.5762464257193
0.79,0.27,132.3282587050661
0.79,0.28,132.19692322961663
0.79,0.29,132.17427386909978
0.79,0.3,132.25291782979875
0.79,0.31,132.42600194344223
0.79,0.32,132.68717882388708
0.79,0.33,133.03057346844855
0.79,0.34,133.45075073840712
0.79,0.35,133.94268403502906
0.79,0.36,134.50172539075453
0.79,0.37,135.12357711731917
0.79,0.38,135.80426509076713
0.79,0.39,136.5401137050992
0.79,0.4,137.3277224893703
0.79,0.41,138.16394435542358
0.79,0.42,139.04586542334727
0.79,0.43,139.9707863577084
0.79,0.44,140.9362051383646
0.79,0.45,141.93980118418415
0.79,0.46,142.979420745414
0.79,0.47,144.05306348006414
0.79,0.48,145.1588701309368
0.79,0.49,146.29511122237747
0.79,0.5,147.46017669911654
0.79,0.51,148.65256643339745
0.79,0.52,149.87088153076127
0.79,0.53,151.1138163691922
0.79,0.54,152.38015131071026
0.79,0.55,153.6687460288216
0.79,0.56,154.9785333994428
0.79,0.57,156.3085139069636
0.79,0.58,157.65775052094656
0.79,0.59,159.0253640025999
0.79,0.6,160.41052860355038
0.79,0.61,161.81246812261887
0.79,0.62,163.23045228924514
0.79,0.63,164.66379344492944
0.79,0.64,166.11184349656773
0.79,0.65,167.57399111786526
0.79,0.66,169.04965917713793
0.79,0.67,170.53830237173293
0.79,0.68,172.0394050510924
0.79,0.69,173.5524792120849
0.79,0.7,175.07706265171444
0.79,0.71,176.61271726365453
0.79,0.72,178.15902746628203
0.79,0.73,179.7155987509903
0.79,0.74,181.28205634058327
0.79,0.75,182.85804394845488
0.79,0.76,184.44322263010653
0.79,0.77,186.03726971930462
0.79,0.78,187.63987784186722
0.79,0.79,189.25075400069747
0.79,0.8,190.86961872624244
0.79,0.81,192.49620528707547
0.79,0.82,194.1302589557581
0.79,0.83,195.7715363255771
0.79,0.84,197.4198046741121
0.79,0.85,199.07484136996712
0.79,0.86,200.73643331929333
0.79,0.87,202.4043764490307
0.79,0.88,204.07847522405686
0.79,0.89,205.75854219566534
0.79,0.9,207.4443975790174
0.79,0.91,209.13586885740608
0.79,0.92,210.8327904113487
0.79,0.93,212.53500317069535
0.79,0.94,214.2423542880773
0.79,0.95,215.9546968321678
0.79,0.96,217.67188949934368
0.79,0.97,219.39379634245049
0.79,0.98,221.1202865154801
0.79,0.99,222.8512340330582
0.79,1.0,224.58651754373395
0.8,0.05,185.54817131302502
0.8,0.06,179.96962232300393
0.8,0.07,174.79103696553986
0.8,0.08,170.00068043476995
0.8,0.09,165.585372647801
0.8,0.1,161.5307524075444
0.8,0.11,157.82154857282822
0.8,0.12,154.44184636195033
0.8,0.13,151.3753391671766
0.8,0.14,148.60555880385675
0.8,0.15,146.1160795987645
0.8,0.16,143.89069391620632
0.8,0.17,141.9135585226088
0.8,0.18,140.16931257685187
0.8,0.19,138.64316902874018
0.8,0.2,137.3209818601382
0.8,0.21,136.1892919705627
0.8,0.22,135.23535465065882
0.8,0.23,134.447151558652
0.8,0.24,133.81338996599933
0.8,0.25,133.3234918109758
0.8,0.26,132.96757482678416
0.8,0.27,132.73642772025283
0.8,0.28,132.62148108751816
0.8,0.29,132.61477547758415
0.8,0.3,132.7089277616096
0.8,0.31,132.89709673974855
0.8,0.32,133.17294872003873
0.8,0.33,133.53062363491208
0.8,0.34,133.9647021187944
0.8,0.35,134.47017385261887
0.8,0.36,135.04240738515844
0.8,0.37,135.677121564067
0.8,0.38,136.37035864862284
0.8,0.39,137.11845912886594
0.8,0.4,137.91803823976676
0.8,0.41,138.7659641322478
0.8,0.42,139.6593376435305
0.8,0.43,140.5954735959082
0.8,0.44,141.57188354440552
0.8,0.45,142.58625988882352
0.8,0.46,143.63646126354536
0.8,0.47,144.72049911849837
0.8,0.48,145.83652540626397
0.8,0.49,146.98282129307228
0.8,0.5,148.1577868149467
0.8,0.51,149.3599314042953
0.8,0.52,150.58786521660934
0.8,0.53,151.84029119138452
0.8,0.54,153.11599778590076
0.8,0.55,154.4138523249094
0.8,0.56,155.73279491357155
0.8,0.57,157.07183286509644
0.8,0.58,158.43003559842634
0.8,0.59,159.80652996499057
0.8,0.6,161.2004959669781
0.8,0.61,162.61116283278304
0.8,0.62,164.037805418244
0.8,0.63,165.47974090503047
0.8,0.64,166.93632577006247
0.8,0.65,168.40695300216137
0.8,0.66,169.89104954425633
0.8,0.67,171.3880739414164
0.8,0.68,172.89751417675006
0.8,0.69,174.41888567884126
0.8,0.7,175.95172948585756
0.8,0.71,177.49561055282055
0.8,0.72,179.0501161897407
0.8,0.73,180.61485461944096
0.8,0.74,182.18945364489102
0.8,0.75,183.7735594168049
0.8,0.76,185.36683529307246
0.8,0.77,186.96896078236497
0.8,0.78,188.57963056492957
0.8,0.79,190.19855358421697
0.8,0.8,191.82545220354953
0.8,0.81,193.46006142254612
0.8,0.82,195.10212814849123
0.8,0.83,196.75141051825258
0.8,0.84,198.40767726673852
0.8,0.85,200.07070713823302
0.8,0.86,201.74028833725987
0.8,0.87,203.41621801592132
0.8,0.88,205.09830179490973
0.8,0.89,206.7863533156327
0.8,0.9,208.48019382110795
0.8,0.91,210.1796517634784
0.8,0.92,211.88456243617827
0.8,0.93,213.59476762894087
0.8,0.94,215.31011530399473
0.8,0.95,217.0304592919172
0.8,0.96,218.75565900575026
0.8,0.97,220.4855791720891
0.8,0.98,222.2200895779563
0.8,0.99,223.9590648323712
0.8,1.0,225.7023841416081
0.81,0.05,185.56494839362776
0.81,0.06,179.9973055335182
0.81,0.07,174.83163678409238
0.81,0.08,170.05595664341672
0.81,0.09,165.65683141397247
0.81,0.1,161.6196504925478
0.81,0.11,157.92890355229846
0.81,0.12,154.56845152818602
0.81,0.13,151.52178174503132
0.81,0.14,148.77224020473255
0.81,0.15,146.30323660950748
0.81,0.16,144.09841992666617
0.81,0.17,142.14182410524978
0.81,0.18,140.41798492458992
0.81,0.19,138.91202992343267
0.81,0.2,137.60974398077087
0.81,0.21,136.4976134579305
0.81,0.22,135.56285192702384
0.81,0.23,134.79341046009154
0.81,0.24,134.17797528575144
0.81,0.25,133.7059553776729
0.81,0.26,133.36746225531817
0.81,0.27,133.15328397797373
0.81,0.28,133.0548550169606
0.81,0.29,133.0642234108785
0.81,0.3,133.17401635276482
0.81,0.31,133.37740513029837
0.81,0.32,133.66807014204738
0.81,0.33,134.04016654370633
0.81,0.34,134.48829093649178
0.81,0.35,135.0074493928725
0.81,0.36,135.5930270197136
0.81,0.37,136.24075918282196
0.81,0.38,136.94670445694197
0.81,0.39,137.70721931887826
0.81,0.4,138.51893456626286
0.81,0.41,139.37873341849306
0.81,0.42,140.283731237764
0.81,0.43,141.2312567954316
0.81,0.44,142.21883500088208
0.81,0.45,143.24417100566
0.81,0.46,144.30513559392716
0.81,0.47,145.39975177073242
0.81,0.48,146.5261824615147
0.81,0.49,147.68271923927674
0.81,0.5,148.86777199963947
0.81,0.51,150.0798595082307
0.81,0.52,151.3176007493711
0.81,0.53,152.57970700963986
0.81,0.54,153.86497463452406
0.81,0.55,155.17227840086576
0.81,0.56,156.50056545220056
0.81,0.57,157.84884974824217
0.81,0.58,159.21620698372632
0.81,0.59,160.6017699355323
0.81,0.6,162.00472420047277
0.81,0.61,163.42430428936794
0.81,0.62,164.85979004600378
0.81,0.63,166.31050336233463
0.81,0.64,167.7758051638183
0.81,0.65,169.25509264110917
0.81,0.66,170.74779670645609
0.81,0.67,172.2533796551093
0.81,0.68,173.77133301381272
0.81,0.69,175.30117556008508
0.81,0.7,176.8424514974674
0.81,0.71,178.39472877325963
0.81,0.72,179.9575975264906
0.81,0.73,181.530668654977
0.81,0.74,183.11357249133715
0.81,0.75,184.705957578733
0.81,0.76,186.30748953795845
0.81,0.77,187.9178500182329
0.81,0.78,189.5367357247518
0.81,0.79,191.16385751666235
0.81,0.8,192.7989395696977
0.81,0.81,194.4417185982139
0.81,0.82,196.09194313183482
0.81,0.83,197.7493728423367
0.81,0.84,199.4137779167767
0.81,0.85,201.0849384732287
0.81,0.86,202.76264401579192
0.81,0.87,204.4466929258343
0.81,0.88,206.13689198668527
0.81,0.89,207.83305593923137
0.81,0.9,209.53500706608622
0.81,0.91,211.2425748021956
0.81,0.92,212.95559536991885
0.81,0.93,214.6739114367952
0.81,0.94,216.3973717943398
0.81,0.95,218.12583105635926
0.81,0.96,219.85914937539292
0.81,0.97,221.59719217600207
0.81,0.98,223.33982990372456
0.81,0.99,225.08693778861516
0.81,1.0,226.83839562236952
0.82,0.05,185.58464875632885
0.82,0.06,180.02843197729757
0.82,0.07,174.87617191687414
0.82,0.08,170.11563031826077
0.82,0.09,165.73311847730176
0.82,0.1,161.71377574731304
0.82,0.11,158.04185274531196
0.82,0.12,154.70098696744415
0.82,0.13,151.67446113302097
0.82,0.14,148.94543738637904
0.82,0.15,146.4971631229759
0.82,0.16,144.31314646517376
0.82,0.17,142.37730121608428
0.82,0.18,140.67406246880716
0.82,0.19,139.1884749875041
0.82,0.2,137.90625706763993
0.82,0.21,136.81384289108442
0.82,0.22,135.89840648065154
0.82,0.23,135.14787028521587
0.82,0.24,134.55090124044256
0.82,0.25,134.09689689284085
0.82,0.26,133.77596387951212
0.82,0.27,133.5788907479401
0.82,0.28,133.49711679784738
0.82,0.29,133.52269834285602
0.82,0.3,133.6482735310148
0.82,0.31,133.86702663398881
0.82,0.32,134.17265251593972
0.82,0.33,134.55932182408728
0.82,0.34,135.02164730160567
0.82,0.35,135.55465150724902
0.82,0.36,136.1537361319004
0.82,0.37,136.81465302711302
0.82,0.38,137.53347700176954
0.82,0.39,138.306580397569
0.82,0.4,139.13060941980237
0.82,0.41,140.00246217471323
0.82,0.42,140.9192683469052
0.82,0.43,141.87837043822987
0.82,0.44,142.87730648213696
0.82,0.45,143.91379414355188
0.82,0.46,144.985716113119
0.82,0.47,146.09110670544607
0.82,0.48,147.22813957324567
0.82,0.49,148.3951164525727
0.82,0.5,149.59045685835954
0.82,0.51,150.81268865389063
0.82,0.52,152.0604394225304
0.82,0.53,153.33242857478024
0.82,0.54,154.62746012846125
0.82,0.55,155.94441610443977
0.82,0.56,157.282250484745
0.82,0.57,158.63998368417435
0.82,0.58,160.01669749046744
0.82,0.59,161.41153043189036
0.82,0.6,162.82367353456803
0.82,0.61,164.25236643515473
0.82,0.62,165.69689381743106
0.82,0.63,167.1565821442009
0.82,0.64,168.63079665838973
0.82,0.65,170.1189386295991
0.82,0.66,171.6204428244943
0.82,0.67,173.13477518136662
0.82,0.68,174.66143067098625
0.82,0.69,176.19993132748652
0.82,0.7,177.74982443450062
0.82,0.71,179.31068085311034
0.82,0.72,180.88209347939406
0.82,0.73,182.4636758204662
0.82,0.74,184.05506067890727
0.82,0.75,185.65589893640234
0.82,0.76,187.26585842822828
0.82,0.77,188.88462290099045
0.82,0.78,190.51189104668333
0.82,0.79,192.14737560677614
0.82,0.8,193.7908025405806
0.82,0.81,195.4419102526725
0.82,0.82,197.1004488745916
0.82,0.83,198.76617959647703
0.82,0.84,200.43887404466366
0.82,0.85,202.1183137016146
0.82,0.86,203.8042893648822
0.82,0.87,205.49660064206873
0.82,0.88,207.1950554790192
0.82,0.89,208.89946971871726
0.82,0.9,210.60966668856116
0.82,0.91,212.3254768138995
0.82,0.92,214.0467372558789
0.82,0.93,215.7732915718162
0.82,0.94,217.5049893964585
0.82,0.95,219.2416861426256
0.82,0.96,220.9832427198482
0.82,0.97,222.72952526973503
0.82,0.98,224.4804049168938
0.82,0.99,226.23575753432996
0.82,1.0,227.99546352233034
0.83,0.05,185.60727073812092
0.83,0.06,180.06299949555662
0.83,0.07,174.92463973133135
0.83,0.08,170.1796984187945
0.83,0.09,165.81423050982693
0.83,0.1,161.81312474072286
0.83,0.11,158.16039287087975
0.83,0.12,154.83944987150696
0.83,0.13,151.83337538349127
0.83,0.14,149.12514970682943
0.83,0.15,146.69786029518892
0.83,0.16,144.53487701395693
0.83,0.17,142.6199962163849
0.83,0.18,140.93755501663884
0.83,0.19,139.472518045273
0.83,0.2,138.2105395299935
0.83,0.21,137.13800382176777
0.83,0.22,136.24204754799987
0.83,0.23,135.5105664782346
0.83,0.24,134.93220998322653
0.83,0.25,134.4963656962815
0.83,0.26,134.19313667922702
0.83,0.27,134.01331307906972
0.83,0.28,133.94833995314917
0.83,0.29,133.99028265235032
0.83,0.3,134.13179089078315
0.83,0.31,134.36606239976754
0.83,0.32,134.686806864732
0.83,0.33,135.08821067473806
0.83,0.34,135.56490287357437
0.83,0.35,136.1119225859098
0.83,0.36,136.7246880987576
0.83,0.37,137.39896770440825
0.83,0.38,138.1308523530495
0.83,0.39,138.9167301188779
0.83,0.4,139.7532624501676
0.83,0.41,140.63736214944228
0.83,0.42,141.56617301282574
0.83,0.43,142.53705104628364
0.83,0.44,143.54754716961907
0.83,0.45,144.5953913156714
0.83,0.46,145.67847783139536
0.83,0.47,146.7948520886654
0.83,0.48,147.9426982152401
0.83,0.49,149.12032785989143
0.83,0.5,150.32616990994086
0.83,0.51,151.5587610840723
0.83,0.52,152.81673732812365
0.83,0.53,154.09882594645435
0.83,0.54,155.4038384063136
0.83,0.55,156.73066375734007
0.83,0.56,158.07826261283776
0.83,0.57,159.4456616437656
0.83,0.58,160.83194854041642
0.83,0.59,162.2362674005616
0.83,0.6,163.6578145063559
0.83,0.61,165.09583445557678
0.83,0.62,166.54961661579364
0.83,0.63,168.01849187284515
0.83,0.64,169.5018296475626
0.83,0.65,170.999035157014
0.83,0.66,172.5095468986957
0.83,0.67,174.03283433804367
0.83,0.68,175.56839578142743
0.83,0.69,177.11575641841026
0.83,0.7,178.6744665185371
0.83,0.71,180.24409976925736
0.83,0.72,181.82425174280465
0.83,0.73,183.4145384809727
0.83,0.74,185.01459518771892
0.83,0.75,186.62407502045133
0.83,0.76,188.24264797167976
0.83,0.77,189.86999983345336
0.83,0.78,191.5058312377002
0.83,0.79,193.14985676619276
0.83,0.8,194.80180412442715
0.83,0.81,196.46141337420747
0.83,0.82,198.12843622019233
0.83,0.83,199.80263534607346
0.83,0.84,201.4837837964367
0.83,0.85,203.17166440070162
0.83,0.86,204.86606923584395
0.83,0.87,206.5667991248944
0.83,0.88,208.27366316845823
0.83,0.89,209.98647830673949
0.83,0.9,211.7050689097649
0.83,0.91,213.4292663936936
0.83,0.92,215.15890886128065
0.83,0.93,216.893840764714
0.83,0.94,218.63391258920134
0.83,0.95,220.37898055580644
0.83,0.96,222.12890634216012
0.83,0.97,223.88355681978646
0.83,0.98,225.64280380687262
0.83,0.99,227.406523835419
0.83,1.0,229.17459793177753
0.84,0.05,185.63281316698783
0.84,0.06,180.10100651734132
0.84,0.07,174.97703828170717
0.84,0.08,170.2481586928004
0.84,0.09,165.90016507598096
0.84,0.1,161.917695040433
0.84,0.11,158.2845217546216
0.84,0.12,154.98383864676975
0.84,0.13,151.99852386991518
0.84,0.14,149.3113779483837
0.84,0.15,146.90533080426565
0.84,0.16,144.76361666805388
0.84,0.17,142.8699171622447
0.84,0.18,141.20847414210206
0.84,0.19,139.7641747491808
0.84,0.2,138.52261165513414
0.84,0.21,137.47012171829005
0.84,0.22,136.59380630941845
0.84,0.23,135.88153644392685
0.84,0.24,135.32194563466948
0.84,0.25,134.90441309324856
0.84,0.26,134.61903959023715
0.84,0.27,134.45661796045437
0.84,0.28,134.40859992557807
0.84,0.29,134.4670606144196
0.84,0.3,134.62466189781006
0.84,0.31,134.8746154233661
0.84,0.32,135.21064603588658
0.84,0.33,135.6269561005189
0.84,0.34,136.11819110572876
0.84,0.35,136.67940680855733
0.84,0.36,137.30603809243735
0.84,0.37,137.99386963480126
0.84,0.38,138.73900842485094
0.84,0.39,139.53785812842872
0.84,0.4,140.38709526453852
0.84,0.41,141.28364713459572
0.84,0.42,142.2246714291673
0.84,0.43,143.2075374262837
0.84,0.44,144.22980868913461
0.84,0.45,145.28922716806773
0.84,0.46,146.38369861146163
0.84,0.47,147.51127919159958
0.84,0.48,148.67016325456774
0.84,0.49,149.85867210704504
0.84,0.5,151.07524375730713
0.84,0.51,152.31842353258506
0.84,0.52,153.5868554999066
0.84,0.53,154.8792746225625
0.84,0.54,156.19449958928683
0.84,0.55,157.53142625801377
0.84,0.56,158.88902166067305
0.84,0.57,160.26631851982089
0.84,0.58,161.66241023199558
0.84,0.59,163.0764462765152
0.84,0.6,164.50762801199033
0.84,0.61,165.95520482611064
0.84,0.62,167.41847060732067
0.84,0.63,168.89676050977738
0.84,0.64,170.38944798556358
0.84,0.65,171.8959420604693
0.84,0.66,173.4156848318068
0.84,0.67,174.94814916867784
0.84,0.68,176.4928365969039
0.84,0.69,178.04927535244516
0.84,0.7,179.61701858861935
0.84,0.71,181.1956427237676
0.84,0.72,182.78474591724012
0.84,0.73,184.38394666267166
0.84,0.74,185.99288248852994
0.84,0.75,187.61120875682144
0.84,0.76,189.23859755167334
0.84,0.77,190.87473665025007
0.84,0.78,192.51932856914908
0.84,0.79,194.17208968002785
0.84,0.8,195.83274938878068
0.84,0.81,197.501049373081
0.84,0.82,199.17674287356812
0.84,0.83,200.8595940343731
0.84,0.84,202.54937728905512
0.84,0.85,204.2458767883594
0.84,0.86,205.94888586652507
0.84,0.87,207.6582065431468
0.84,0.88,209.37364905785324
0.84,0.89,211.09503143530102
0.84,0.9,212.8221790781882
0.84,0.91,214.55492438619086
0.84,0.92,216.29310639889835
0.84,0.93,218.036570460977
0.84,0.94,219.78516790795206
0.84,0.95,221.53875577111012
0.84,0.96,223.29719650016472
0.84,0.97,225.06035770242127
0.84,0.98,226.82811189728935
0.84,0.99,228.60033628507492
0.84,1.0,230.37691252907393
0.85,0.05,185.66127523118803
0.85,0.06,180.1424519203628
0.85,0.07,175.0333661664295
0.85,0.08,170.32100953486545
0.85,0.09,165.99092049634174
0.85,0.1,162.027485085487
0.85,0.11,158.41423821338603
0.85,0.12,155.13415281353585
0.85,0.13,152.1699072030776
0.85,0.14,149.50412425248624
0.85,0.15,147.11957880542857
0.85,0.16,144.99937211154432
0.85,0.17,143.1270738028515
0.85,0.18,141.48683320697626
0.85,0.19,140.06346262361473
0.85,0.2,138.84249567532316
0.85,0.21,137.8102240554643
0.85,0.22,136.95371600190245
0.85,0.23,136.26081968284183
0.85,0.24,135.72015443987002
0.85,0.25,135.32109253282565
0.85,0.26,135.05373370306546
0.85,0.27,134.90887453972678
0.85,0.28,134.87797431443676
0.85,0.29,134.95311865451376
0.85,0.3,135.12698215936447
0.85,0.31,135.3927908321771
0.85,0.32,135.74428499938304
0.85,0.33,136.17568322216758
0.85,0.34,136.68164756497455
0.85,0.35,137.2572504723882
0.85,0.36,137.89794341464508
0.85,0.37,138.59952739010643
0.85,0.38,139.35812531724125
0.85,0.39,140.17015630626997
0.85,0.4,141.03231176917274
0.85,0.41,141.94153330415273
0.85,0.42,142.89499227509225
0.85,0.43,143.89007099653145
0.85,0.44,144.9243454290148
0.85,0.45,145.9955692872594
0.85,0.46,147.1016594636903
0.85,0.47,148.2406826718087
0.85,0.48,149.4108432170597
0.85,0.49,150.6104718069835
0.85,0.5,151.8380153170982
0.85,0.51,153.0920274339624
0.85,0.52,154.3711601020053
0.85,0.53,155.67415570585217
0.85,0.54,156.9998399249076
0.85,0.55,158.34711520183407
0.85,0.56,159.71495477120789
0.85,0.57,161.10239719903677
0.85,0.58,162.50854138795424
0.85,0.59,163.93254200676154
0.85,0.6,165.37360530657466
0.85,0.61,166.83098528914402
0.85,0.62,168.30398019597143
0.85,0.63,169.79192928965386
0.85,0.64,171.29420990146198
0.85,0.65,172.81023472150892
0.85,0.66,174.33944931002134
0.85,0.67,175.88132981018327
0.85,0.68,177.43538084480403
0.85,0.69,179.00113358069592
0.85,0.7,180.5781439461108
0.85,0.71,182.16599098793745
0.85,0.72,183.7642753565726
0.85,0.73,185.37261790748045
0.85,0.74,186.9906584094639
0.85,0.75,188.61805435057332
0.85,0.76,190.2544798334025
0.85,0.77,191.89962455227314
0.85,0.78,193.55319284547357
0.85,0.79,195.21490281634485
0.85,0.8,196.88448551755215
0.85,0.81,198.56168419338775
0.85,0.82,200.2462535754072
0.85,0.83,201.93795922711672
0.85,0.84,203.636576933802
0.85,0.85,205.34189213393066
0.85,0.86,207.0536993888741
0.85,0.87,208.77180188796768
0.85,0.88,210.49601098619195
0.85,0.89,212.2261457719791
0.85,0.9,213.96203266287267
0.85,0.91,215.70350502694671
0.85,0.92,217.45040282807622
0.85,0.93,219.2025722932984
0.85,0.94,220.95986560066095
0.85,0.95,222.72214058607506
0.85,0.96,224.48926046781395
0.85,0.97,226.261093587411
0.85,0.98,228.03751316580403
0.85,0.99,229.81839707367365
0.85,1.0,231.60362761499087
0.86,0.05,185.6926563537382
0.86,0.06,180.18733489848654
0.86,0.07,175.09362239373434
0.86,0.08,170.39824985482034
0.86,0.09,166.08649572309486
0.86,0.1,162.14249407252785
0.86,0.11,158.54954195544917
0.86,0.12,155.2903929229594
0.86,0.13,152.34752716707254
0.86,0.14,149.70339207667533
0.86,0.15,147.34060991043162
0.86,0.16,145.2421516206583
0.86,0.17,143.39147760819094
0.86,0.18,141.7726474137596
0.86,0.19,140.37040114354753
0.86,0.2,139.17021587232654
0.86,0.21,138.1583404450951
0.86,0.22,137.32181207537755
0.86,0.23,136.64845797306538
0.86,0.24,136.126884975238
0.86,0.25,135.74645983908883
0.86,0.26,135.4972825177571
0.86,0.27,135.37015440053068
0.86,0.28,135.35654317472967
0.86,0.29,135.4485456680399
0.86,0.3,135.6388497629497
0.86,0.31,135.9206962416631
0.86,0.32,136.28784122027224
0.86,0.33,136.7345196633309
0.86,0.34,137.25541033152828
0.86,0.35,137.8456024026513
0.86,0.36,138.50056391605315
0.86,0.37,139.216112120067
0.86,0.38,139.9883857471518
0.86,0.39,140.81381920019422
0.86,0.4,141.68911860290825
0.86,0.41,142.6112396455229
0.86,0.42,143.57736714215366
0.86,0.43,144.58489620692765
0.86,0.44,145.63141495081268
0.86,0.45,146.71468859922518
0.86,0.46,147.83264493099907
0.86,0.47,148.98336094157864
0.86,0.48,150.1650506368193
0.86,0.49,151.37605386812575
0.86,0.5,152.61482612456192
0.86,0.51,153.87992920271896
0.86,0.52,155.1700226804317
0.86,0.53,156.48385612567358
0.86,0.54,157.82026197711022
0.86,0.55,159.17814903772705
0.86,0.56,160.55649652766925
0.86,0.57,161.95434864687454
0.86,0.58,163.3708096022503
0.86,0.59,164.80503905804412
0.86,0.6,166.25624797165014
0.86,0.61,167.72369478043743
0.86,0.62,169.20668190824753
0.86,0.63,170.7045525630321
0.86,0.64,172.2166877996738
0.86,0.65,173.74250382440337
0.86,0.66,175.28144951936537
0.86,0.67,176.8330041678635
0.86,0.68,178.39667536258565
0.86,0.69,179.971997080743
0.86,0.7,181.55852791153092
0.86,0.71,183.15584942265195
0.86,0.72,184.76356465386712
0.86,0.73,186.38129672663476
0.86,0.74,188.00868755989853
0.86,0.75,189.64539668299233
0.86,0.76,191.29110013745202
0.86,0.77,192.94548946026111
0.86,0.78,194.60827074174122
0.86,0.79,196.27916375190094
0.86,0.8,197.95790112961382
0.86,0.81,199.64422762949658
0.86,0.82,201.33789942181673
0.86,0.83,203.03868344116356
0.86,0.84,204.7463567800007
0.86,0.85,206.46070612354933
0.86,0.86,208.18152722276258
0.86,0.87,209.90862440243257
0.86,0.88,211.64181010172047
0.86,0.89,213.38090444463674
0.86,0.9,215.12573483820577
0.86,0.91,216.87613559623483
0.86,0.92,218.63194758679063
0.86,0.93,220.39301790163572
0.86,0.94,222.15919954602498
0.86,0.95,223.9303511473927
0.86,0.96,225.70633668157842
0.86,0.97,227.48702521535185
0.86,0.98,229.272290664092
0.86,0.99,231.0620115635702
0.86,1.0,232.8560708548674
0.87,0.05,185.72695607135725
0.87,0.06,180.23565483503688
0.87,0.07,175.15780625459573
0.87,0.08,170.47987895510107
0.87,0.09,166.18689022615996
0.87,0.1,162.2627218545317
0.87,0.11,158.69043349520138
0.87,0.12,155.45256049055882
0.87,0.13,152.53138667406583
0.87,0.14,149.90918617260755
0.87,0.15,147.56843119049543
0.87,0.16,145.491965092943
0.87,0.17,143.6631418254803
0.87,0.18,142.06593389014643
0.87,0.19,140.6850118476093
0.87,0.2,139.50579871941437
0.87,0.21,138.51450280704063
0.87,0.22,137.69813239277573
0.87,0.23,137.04449559908392
0.87,0.24,136.54218840574632
0.87,0.25,136.18057349618385
0.87,0.26,135.94975225606
0.87,0.27,135.84053190091973
0.87,0.28,135.84438938075343
0.87,0.29,135.95343340796256
0.87,0.3,136.16036568658564
0.87,0.31,136.45844218685403
0.87,0.32,136.84143510978134
0.87,0.33,137.3035960195339
0.87,0.34,137.8396204838713
0.87,0.35,138.4446144515848
0.87,0.36,139.11406250708802
0.87,0.37,139.84379807274502
0.87,0.38,140.6299755760066
0.87,0.39,141.46904455812975
0.87,0.4,142.35772567174573
0.87,0.41,143.2929884936492
0.87,0.42,144.2720310651646
0.87,0.43,145.2922610637686
0.87,0.44,146.35127850512475
0.87,0.45,147.44685987328887
0.87,0.46,148.57694357778067
0.87,0.47,149.73961663884648
0.87,0.48,150.93310250606194
0.87,0.49,152.15574992001547
0.87,0.5,153.4060227319191
0.87,0.51,154.68249060133076
0.87,0.52,155.98382049759272
0.87,0.53,157.30876893596965
0.87,0.54,158.6561748846924
0.87,0.55,160.02495328413562
0.87,0.56,161.41408912413416
0.87,0.57,162.82263202993508
0.87,0.58,164.249691311491
0.87,0.59,165.69443143472245
0.87,0.6,167.15606787700116
0.87,0.61,168.6338633324575
0.87,0.62,170.12712423579586
0.87,0.63,171.6351975761294
0.87,0.64,173.15746797492687
0.87,0.65,174.69335500453613
0.87,0.66,176.24231072589467
0.87,0.67,177.80381742600744
0.87,0.68,179.37738553755395
0.87,0.69,180.9625517246066
0.87,0.7,182.55887711992395
0.87,0.71,184.1659457006129
0.87,0.72,185.78336279016477
0.87,0.73,187.41075367597935
0.87,0.74,189.04776233247614
0.87,0.75,190.69405024080606
0.87,0.76,192.34929529698383
0.87,0.77,194.01319080101337
0.87,0.78,195.6854445202426
0.87,0.79,197.36577782079573
0.87,0.8,199.053924861481
0.87,0.81,200.74963184507362
0.87,0.82,202.45265632232392
0.87,0.83,204.1627665444521
0.87,0.84,205.87974086026563
0.87,0.85,207.6033671543674
0.87,0.86,209.33344232323734
0.87,0.87,211.06977178623902
0.87,0.88,212.812169028863
0.87,0.89,214.5604551757465
0.87,0.9,216.31445859121007
0.87,0.91,218.07401450525558
0.87,0.92,219.8389646631296
0.87,0.93,221.60915699671597
0.87,0.94,223.38444531617387
0.87,0.95,225.16468902034993
0.87,0.96,226.94975282463184
0.87,0.97,228.73950650500046
0.87,0.98,230.5338246571499
0.87,0.99,232.33258646962818
0.87,1.0,234.13567551003564
0.88,0.05,185.76417391717547
0.88,0.06,180.28741118112694
0.88,0.07,175.22591720208942
0.88,0.08,170.565896416101
0.88,0.09,166.29210388900282
0.88,0.1,162.38816885105035
0.88,0.11,158.83691408130625
0.88,0.12,155.62065794529337
0.88,0.13,152.72148973684847
0.88,0.14,150.12151258424038
0.88,0.15,147.80305120190616
0.88,0.16,145.74882410174493
0.88,0.17,143.94208156371255
0.88,0.18,142.36671180455699
0.88,0.19,141.00731848528397
0.88,0.2,139.84927306069562
0.88,0.21,138.87874558094953
0.88,0.22,138.08271747424428
0.88,0.23,137.4489796283443
0.88,0.24,136.96611879354504
0.88,0.25,136.62349498851827
0.88,0.26,136.4112122325461
0.88,0.27,136.32008457459804
0.88,0.28,136.3415990564688
0.88,0.29,136.4678769431648
0.88,0.3,136.691634283854
0.88,0.31,137.00614263260684
0.88,0.32,137.40519055916266
0.88,0.33,137.88304641383186
0.88,0.34,138.4344226742674
0.88,0.35,139.05444209170042
0.88,0.36,139.73860576673187
0.88,0.37,140.48276321643752
0.88,0.38,141.28308444220045
0.88,0.39,142.13603396848498
0.88,0.4,143.0383467942154
0.88,0.41,143.98700617842172
0.88,0.42,144.9792231685433
0.88,0.43,146.01241777178697
0.88,0.44,147.08420166596596
0.88,0.45,148.1923623453532
0.88,0.46,149.33484859842005
0.88,0.47,150.50975721731814
0.88,0.48,151.71532084306796
0.88,0.49,152.94989685525965
0.88,0.5,154.21195722037473
0.88,0.51,155.5000792183362
0.88,0.52,156.81293697245718
0.88,0.53,158.1492937134375
0.88,0.54,159.50799471337777
0.88,0.55,160.88796083086777
0.88,0.56,162.28818261304036
0.88,0.57,163.7077149050198
0.88,0.58,165.14567192143937
0.88,0.59,166.60122273864576
0.88,0.6,168.0735871698609
0.88,0.61,169.56203198892885
0.88,0.62,171.06586747137817
0.88,0.63,172.58444422435474
0.88,0.64,174.11715027957604
0.88,0.65,175.66340842582372
0.88,0.66,177.2226737596475
0.88,0.67,178.79443143491497
0.88,0.68,180.37819459362936
0.88,0.69,181.9735024620551
0.88,0.7,183.57991859766472
0.88,0.71,185.1970292737549
0.88,0.72,186.82444198978888
0.88,0.73,188.46178409662232
0.88,0.74,190.1087015267579
0.88,0.75,191.76485762068114
0.88,0.76,193.42993204114043
0.88,0.77,195.10361976797557
0.88,0.78,196.7856301667668
0.88,0.79,198.47568612518177
0.88,0.8,200.173523251452
0.88,0.81,201.87888912989987
0.88,0.82,203.59154262889257
0.88,0.83,205.3112532570102
0.88,0.84,207.03780056358138
0.88,0.85,208.77097358007575
0.88,0.86,210.510570299154
0.88,0.87,212.25639718844292
0.88,0.88,214.00826873636447
0.88,0.89,215.766007027567
0.88,0.9,217.52944134572095
0.88,0.91,219.29840780162704
0.88,0.92,221.07274898475436
0.88,0.93,222.8523136364885
0.88,0.94,224.63695634350205
0.88,0.95,226.42653724979857
0.88,0.96,228.22092178609623
0.88,0.97,230.01998041531758
0.88,0.98,231.82358839306443
0.88,0.99,233.63162554203166
0.88,1.0,235.4439760394061
0.89,0.05,185.80430930655473
0.89,0.06,180.34260333826532
0.89,0.07,175.29795473636963
0.89,0.08,170.65630198863113
0.89,0.09,166.4021369132032
0.89,0.1,162.51883596901834
0.89,0.11,158.9889856373749
0.89,0.12,155.7946885932639
0.89,0.13,152.91784145827594
0.89,0.14,150.3403786653207
0.89,0.15,148.0444800335044
0.89,0.16,146.01274197533303
0.89,0.17,144.22831390575766
0.89,0.18,142.675002512301
0.89,0.19,141.3373471979876
0.89,0.2,140.20067032773312
0.89,0.21,139.2511059788278
0.89,0.22,138.47561078587304
0.89,0.23,137.86196023616202
0.89,0.24,137.39873345887216
0.89,0.25,137.07528919731607
0.89,0.26,136.88173528626558
0.89,0.27,136.80889359694828
0.89,0.28,136.84826207500552
0.89,0.29,136.9919751903476
0.89,0.3,137.23276384693682
0.89,0.31,137.56391556635222
0.89,0.32,137.97923556053877
0.89,0.33,138.47300914396968
0.89,0.34,139.0399658002669
0.89,0.35,139.67524510948815
0.89,0.36,140.37436465610116
0.89,0.37,141.1331899706176
0.89,0.38,141.94790650671322
0.89,0.39,142.81499361755903
0.89,0.4,143.73120046753186
0.89,0.41,144.69352379633557
0.89,0.42,145.69918744006478
0.89,0.43,146.74562350640514
0.89,0.44,147.83045509776423
0.89,0.45,148.95148047570697
0.89,0.46,150.10665856182297
0.89,0.47,151.29409567347528
0.89,0.48,152.5120333972685
0.89,0.49,153.75883750815814
0.89,0.5,155.0329878476124
0.89,0.51,156.33306907989848
0.89,0.52,157.65776225126407
0.89,0.53,159.005837082356
0.89,0.54,160.37614492963382
0.89,0.55,161.76761235668627
0.89,0.56,163.1792352612482
0.89,0.57,164.61007350829095
0.89,0.58,166.0592460238455
0.89,0.59,167.52592630817676
0.89,0.6,169.00933833060583
0.89,0.61,170.5087527716471
0.89,0.62,172.0234835812339
0.89,0.63,173.552884824645
0.89,0.64,175.09634779034218
0.89,0.65,176.6532983362938
0.89,0.66,178.2231944535208
0.89,0.67,179.80552402756268
0.89,0.68,181.39980278034088
0.89,0.69,183.00557237652106
0.89,0.7,184.6223986799443
0.89,0.71,186.2498701470258
0.89,0.72,187.8875963452305
0.89,0.73,189.53520658582875
0.89,0.74,191.19234866112595
0.89,0.75,192.85868767725518
0.89,0.76,194.53390497444042
0.89,0.77,196.21769712736614
0.89,0.78,197.90977501896265
0.89,0.79,199.60986298151676
0.89,0.8,201.31769799956282
0.89,0.81,203.03302896950962
0.89,0.82,204.75561601139822
0.89,0.83,206.48522982860558
0.89,0.84,208.22165111166424
0.89,0.85,209.96466998271052
0.89,0.86,211.71408547737715
0.89,0.87,213.469705061217
0.89,0.88,215.23134417799855
0.89,0.89,216.99882582743942
0.89,0.9,218.77198017014965
0.89,0.91,220.55064415774496
0.89,0.92,222.33466118626185
0.89,0.93,224.12388077115776
0.89,0.94,225.91815824232697
0.89,0.95,227.71735445768212
0.89,0.96,229.52133553398215
0.89,0.97,231.3299725936775
0.89,0.98,233.14314152665776
0.89,0.99,234.9607227658639
0.89,1.0,236.78260107581283
0.9,0.05,185.84736142541038
0.9,0.06,180.4012305445452
0.9,0.07,175.37391829449038
0.9,0.08,170.75109549266375
0.9,0.09,166.51698973092044
0.9,0.1,162.65472453323724
0.9,0.11,159.14665071426978
0.9,0.12,155.97465659516118
0.9,0.13,153.12044803674954
0.9,0.14,150.56579311539056
0.9,0.15,148.29272937535302
0.9,0.16,146.2837339000417
0.9,0.17,144.52185804751758
0.9,0.18,142.990829732019
0.9,0.19,141.67512673382438
0.9,0.2,140.5600247934209
0.9,0.21,139.6316242786229
0.9,0.22,138.87685907336584
0.9,0.23,138.28349107964877
0.9,0.24,137.8400933942155
0.9,0.25,137.53602485479155
0.9,0.26,137.3613982745223
0.9,0.27,137.30704431780362
0.9,0.28,137.3644726296376
0.9,0.29,137.52583152223045
0.9,0.3,137.7838672508709
0.9,0.31,138.13188367704356
0.9,0.32,138.56370291899324
0.9,0.33,139.07362742586236
0.9,0.34,139.6564037776318
0.9,0.35,140.3071884056344
0.9,0.36,141.02151534359933
0.9,0.37,141.79526605345862
0.9,0.38,142.62464132022245
0.9,0.39,143.50613517325164
0.9,0.4,144.43651076468623
0.9,0.41,145.41277811753676
0.9,0.42,146.43217364420323
0.9,0.43,147.49214132950374
0.9,0.44,148.59031546946244
0.9,0.45,149.72450485715066
0.9,0.46,150.89267830903708
0.9,0.47,152.09295142895118
0.9,0.48,153.32357451143162
0.9,0.49,154.58292149154724
0.9,0.5,155.86947985394823
0.9,0.51,157.18184141972802
0.9,0.52,158.51869393548998
0.9,0.53,159.87881339469462
0.9,0.54,161.26105702684697
0.9,0.55,162.6643568953165
0.9,0.56,164.08771404949417
0.9,0.57,165.53019318164027
0.9,0.58,166.99091774306106
0.9,0.59,168.46906547825517
0.9,0.6,169.96386433936004
0.9,0.61,171.4745887466065
0.9,0.62,173.00055616361558
0.9,0.63,174.54112395920225
0.9,0.64,176.09568652996384
0.9,0.65,177.66367266029533
0.9,0.66,179.24454309862546
0.9,0.67,180.83778833063812
0.9,0.68,182.44292653202427
0.9,0.69,184.05950168491555
0.9,0.7,185.68708184363513
0.9,0.71,187.32525753671482
0.9,0.72,188.97364029334068
0.9,0.73,190.6318612834793
0.9,0.74,192.299570061921
0.9,0.75,193.97643340737625
0.9,0.76,195.66213424856784
0.9,0.77,197.35637066999524
0.9,0.78,199.05885499071005
0.9,0.79,200.76931291004902
0.9,0.8,202.4874827148051
0.9,0.81,204.2131145428186
0.9,0.82,205.94596969841385
0.9,0.83,207.6858200155101
0.9,0.84,209.43244726460776
0.9,0.85,211.18564260017357
0.9,0.86,212.94520604526548
0.9,0.87,214.71094601049398
0.9,0.88,216.48267884468135
0.9,0.89,218.2602284147932
0.9,0.9,220.04342571293347
0.9,0.91,221.83210848836924
0.9,0.92,223.62612090272867
0.9,0.93,225.42531320667104
0.9,0.94,227.22954143645669
0.9,0.95,229.03866712899065
0.9,0.96,230.85255705401235
0.9,0.97,232.67108296222415
0.9,0.98,234.49412134823683
0.9,0.99,236.3215532273099
0.9,1.0,238.15326392493634
0.91,0.05,185.89332912046254
0.91,0.06,180.4632917637682
0.91,0.07,175.45380714435908
0.91,0.08,170.8502767215974
0.91,0.09,166.63666292445455
0.91,0.1,162.79583622571016
0.91,0.11,159.30991245320232
0.91,0.12,156.16056695664386
0.91,0.13,153.32931678695633
0.91,0.14,150.79776603357828
0.91,0.15,148.54781260791526
0.91,0.16,146.56181704686676
0.91,0.17,144.8227354636776
0.91,0.18,143.31421975207058
0.91,0.19,142.02068869585008
0.91,0.2,140.92737386312757
0.91,0.21,140.0203441590299
0.91,0.22,139.28651274107372
0.91,0.23,138.71362972133178
0.91,0.24,138.2902637326643
0.91,0.25,138.0057750571797
0.91,0.26,137.8502826303261
0.91,0.27,137.8146268628721
0.91,0.28,137.89032987852664
0.91,0.29,138.06955445476248
0.91,0.3,138.34506268217842
0.91,0.31,138.71017512395252
0.91,0.32,139.15873106007155
0.91,0.33,139.6850502381334
0.91,0.34,140.2838964200245
0.91,0.35,140.9504429077537
0.91,0.36,141.6802401483591
0.91,0.37,142.46918545341603
0.91,0.38,143.3134948200209
0.91,0.39,144.20967680425983
0.91,0.4,145.15450837261872
0.91,0.41,146.14501263941165
0.91,0.42,147.17843838732352
0.91,0.43,148.25224126213354
0.91,0.44,149.36406653040603
0.91,0.45,150.51173328945035
0.91,0.46,151.69322002139918
0.91,0.47,152.90665138723315
0.91,0.48,154.15028616151616
0.91,0.49,155.42250621414166
0.91,0.5,156.7218064512432
0.91,0.51,158.04678563339206
0.91,0.52,159.396137995136
0.91,0.53,160.76864559571368
0.91,0.54,162.1631713363437
0.91,0.55,163.57865258475792
0.91,0.56,165.01409535264563
0.91,0.57,166.4685689763246
0.91,0.58,167.94120125528698
0.91,0.59,169.43117400729378
0.91,0.6,170.9377190023794
0.91,0.61,172.46011424153485
0.91,0.62,173.99768054896083
0.91,0.63,175.5497784496235
0.91,0.64,177.11580530645355
0.91,0.65,178.69519269389966
0.91,0.66,180.2874039867023
0.91,0.67,181.89193214471388
0.91,0.68,183.50829767637296
0.91,0.69,185.13604676505457
0.91,0.7,186.77474954397636
0.91,0.71,188.42399850667934
0.91,0.72,190.08340704128602
0.91,0.73,191.7526080778462
0.91,0.74,193.43125283904598
0.91,0.75,195.11900968546203
0.91,0.76,196.8155630473434
0.91,0.77,198.52061243563264
0.91,0.78,200.2338715256019
0.91,0.79,201.95506730707913
0.91,0.8,203.68393929577468
0.91,0.81,205.42023880072045
0.91,0.82,207.16372824326697
0.91,0.83,208.9141805234936
0.91,0.84,210.671378430251
0.91,0.85,212.4351140913837
0.91,0.86,214.20518846098474
0.91,0.87,215.98141084079955
0.91,0.88,217.76359843315578
0.91,0.89,219.55157592300648
0.91,0.9,221.34517508688697
0.91,0.91,223.1442344267696
0.91,0.92,224.948598826967
0.91,0.93,226.75811923238882
0.91,0.94,228.57265234659906
0.91,0.95,230.3920603482434
0.91,0.96,232.21621062453627
0.91,0.97,234.0449755206009
0.91,0.98,235.87823210355293
0.91,0.99,237.7158619403049
0.91,1.0,239.55775088814946
0.92,0.05,185.94221079089527
0.92,0.06,180.5287855768957
0.92,0.07,175.53762028214976
0.92,0.08,170.95384535131964
0.92,0.09,166.76115715214272
0.92,0.1,162.94217303305837
0.92,0.11,159.47877455885452
0.92,0.12,156.35242553088486
0.92,0.13,153.544456175133
0.92,0.14,151.03630898948623
0.92,0.15,148.80974491113093
0.92,0.16,146.84701072097735
0.92,0.17,145.1309700996283
0.92,0.18,143.64520166657172
0.92,0.19,142.3740678236894
0.92,0.2,141.30275840311833
0.92,0.21,140.41731307571996
0.92,0.22,139.70462627680678
0.92,0.23,139.15243810310685
0.92,0.24,138.74931427135266
0.92,0.25,138.48461783780704
0.92,0.26,138.34847498502245
0.92,0.27,138.3317368056464
0.92,0.28,138.42593866543157
0.92,0.29,138.62325841594483
0.92,0.3,138.91647445490415
0.92,0.31,139.29892439881377
0.92,0.32,139.7644649367085
0.92,0.33,140.3074332722779
0.92,0.34,140.92261043062925
0.92,0.35,141.6051866014561
0.92,0.36,142.35072860849417
0.92,0.37,143.1551495321536
0.92,0.38,144.01468046483996
0.92,0.39,144.92584434375473
0.92,0.4,145.8854317814262
0.92,0.41,146.89047879771437
0.92,0.42,147.93824634682608
0.92,0.43,149.02620152747693
0.92,0.44,150.152000362619
0.92,0.45,151.3134720361175
0.92,0.46,152.50860447669604
0.92,0.47,153.73553118377092
0.92,0.48,154.9925191949827
0.92,0.49,156.27795810099323
0.92,0.5,157.5903500191407
0.92,0.51,158.92830044365593
0.92,0.52,160.2905098961907
0.92,0.53,161.6757663062765
0.92,0.54,163.08293805696877
0.92,0.55,164.51096763626947
0.92,0.56,165.9588658399419
0.92,0.57,167.4257064760342
0.92,0.58,168.9106215257752
0.92,0.59,170.41279671955246
0.92,0.6,171.9314674903838
0.92,0.61,173.46591527071678
0.92,0.62,175.01546410150448
0.92,0.63,176.57947752536745
0.92,0.64,178.15735573824995
0.92,0.65,179.74853297635462
0.92,0.66,181.3524751172889
0.92,0.67,182.9686774763234
0.92,0.68,184.59666278042653
0.92,0.69,186.23597930436753
0.92,0.7,187.88619915462706
0.92,0.71,189.54691668818202
0.92,0.72,191.21774705443275
0.92,0.73,192.89832484961838
0.92,0.74,194.5883028740561
0.92,0.75,196.28735098341656
0.92,0.76,197.99515502606513
0.92,0.77,199.7114158592167
0.92,0.78,201.43584843731168
0.92,0.79,203.16818096661774
0.92,0.8,204.9081541206073
0.92,0.81,206.65552031113302
0.92,0.82,208.4100430108863
0.92,0.83,210.17149612300943
0.92,0.84,211.93966339410014
0.92,0.85,213.71433786718228
0.92,0.86,215.49532137150177
0.92,0.87,217.28242404629464
0.92,0.88,219.07546389590462
0.92,0.89,220.87426637386116
0.92,0.9,222.67866399372633
0.92,0.91,224.48849596470853
0.92,0.92,226.30360785020085
0.92,0.93,228.12385124756204
0.92,0.94,229.94908348759384
0.92,0.95,231.7791673522935
0.92,0.96,233.61397080957744
0.92,0.97,235.4533667637781
0.92,0.98,237.29723282080684
0.92,0.99,239.14545106697074
0.92,1.0,240.99790786050454
0.93,0.05,185.99400428092972
0.93,0.06,180.59771007527561
0.93,0.07,175.62535633257144
0.93,0.08,171.06180085341538
0.93,0.09,166.8904730799104
0.93,0.1,163.09373720130588
0.93,0.11,159.6532412818023
0.93,0.12,156.55023903257688
0.93,0.13,153.7658758681732
0.93,0.14,151.28143511054057
0.93,0.15,149.07854339280843
0.93,0.16,147.1393365336501
0.93,0.17,145.4465885891524
0.93,0.18,143.98380764079465
0.93,0.19,142.73530230835163
0.93,0.2,141.68622310625983
0.93,0.21,140.82258267916518
0.93,0.22,140.1312587227914
0.93,0.23,139.59998307111678
0.93,0.24,139.21732005082646
0.93,0.25,138.97263680129979
0.93,0.26,138.8560678574819
0.93,0.27,138.85847591150355
0.93,0.28,138.97141031843844
0.93,0.29,139.18706459869495
0.93,0.3,139.498233916907
0.93,0.31,139.89827328461695
0.93,0.32,140.38105703937003
0.93,0.33,140.94093999276947
0.93,0.34,141.5727205106041
0.93,0.35,142.27160568527285
0.93,0.36,143.03317868037269
0.93,0.37,143.85336826576417
0.93,0.38,144.72842051534136
0.93,0.39,145.65487260617826
0.93,0.4,146.62952863419238
0.93,0.41,147.64943734585194
0.93,0.42,148.71187167598467
0.93,0.43,149.81430997701193
0.93,0.44,150.9544188237268
0.93,0.45,152.1300372791795
0.93,0.46,153.33916251052855
0.93,0.47,154.57993664832586
0.93,0.48,155.85063478816468
0.93,0.49,157.14965403956197
0.93,0.5,158.4755035331603
0.93,0.51,159.82679530356967
0.93,0.52,161.20223597132633
0.93,0.53,162.60061915340657
0.93,0.54,164.02081853742632
0.93,0.55,165.46178156006084
0.93,0.56,166.92252363527214
0.93,0.57,168.40212288266392
0.93,0.58,169.89971531066664
0.93,0.59,171.41449041330029
0.93,0.6,172.9456871429918
0.93,0.61,174.4925902253463
0.93,0.62,176.05452678489152
0.93,0.63,177.6308632536794
0.93,0.64,179.22100253723107
0.93,0.65,180.82438141468106
0.93,0.66,182.4404681521244
0.93,0.67,184.06876031014045
0.93,0.68,185.7087827282263
0.93,0.69,187.3600856704885
0.93,0.7,189.02224311839848
0.93,0.71,190.69485119773503
0.93,0.72,192.37752672803063
0.93,0.73,194.06990588392162
0.93,0.74,195.77164295878043
0.93,0.75,197.48240922188907
0.93,0.76,199.20189186121777
0.93,0.77,200.92979300459814
0.93,0.78,202.6658288127301
0.93,0.79,204.4097286380588
0.93,0.8,206.16123424409815
0.93,0.81,207.92009908025562
0.93,0.82,209.68608760765989
0.93,0.83,211.4589746718906
0.93,0.84,213.23854491886684
0.93,0.85,215.02459225048617
0.93,0.86,216.8169193168937
0.93,0.87,218.61533704253975
0.93,0.88,220.41966418342153
0.93,0.89,222.22972691313248
0.93,0.9,224.04535843553978
0.93,0.91,225.86639862209492
0.93,0.92,227.69269367195372
0.93,0.93,229.52409579322884
0.93,0.94,231.36046290383322
0.93,0.95,233.20165835050918
0.93,0.96,235.04755064473974
0.93,0.97,236.89801321435587
0.93,0.98,238.7529241697343
0.93,0.99,240.61216608358276
0.93,1.0,242.47562578337676
0.94,0.05,186.04870677287573
0.94,0.06,180.67006275513717
0.94,0.07,175.7170134514219
0.94,0.08,171.17414241191028
0.94,0.09,167.02461131782684
0.94,0.1,163.25053119737112
0.94,0.11,159.83331740957638
0.94,0.12,156.75401506273855
0.94,0.13,153.993586795942
0.94,0.14,151.53315918520434
0.94,0.15,149.35422723579367
0.94,0.16,147.43881859614572
0.94,0.17,145.76962049749392
0.94,0.18,144.33007320564323
0.94,0.19,143.10443414008637
0.94,0.2,142.07781689497966
0.94,0.21,141.23620927419987
0.94,0.22,140.56647419309223
0.94,0.23,140.0563369520678
0.94,0.24,139.6943619910667
0.94,0.25,139.46992181990765
0.94,0.26,139.3731604110983
0.94,0.27,139.39495295554067
0.94,0.28,139.5268635285749
0.94,0.29,139.76110189997235
0.94,0.3,140.090480449009
0.94,0.31,140.50837191406703
0.94,0.32,141.00866851288512
0.94,0.33,141.5857428110912
0.94,0.34,142.23441058888992
0.94,0.35,142.94989585456668
0.94,0.36,143.7277980746838
0.94,0.37,144.5640616307711
0.94,0.38,145.45494746753906
0.94,0.39,146.39700686526157
0.94,0.4,147.38705724647
0.94,0.41,148.4221599123602
0.94,0.42,149.49959959561122
0.94,0.43,150.61686571219906
0.94,0.44,151.7716351941412
0.94,0.45,152.96175678697224
0.94,0.46,154.18523669943318
0.94,0.47,155.44022549776275
0.94,0.48,156.72500614267994
0.94,0.49,158.03798307330527
0.94,0.5,159.37767224862844
0.94,0.51,160.74269206350206
0.94,0.52,162.1317550624051
0.94,0.53,163.5436603802503
0.94,0.54,164.97728684528005
0.94,0.55,166.43158668453285
0.94,0.56,167.90557977747093
0.94,0.57,169.39834840810192
0.94,0.58,170.90903247034493
0.94,0.59,172.436825085443
0.94,0.6,173.98096859397012
0.94,0.61,175.54075088839838
0.94,0.62,177.11550205533007
0.94,0.63,178.70459129935313
0.94,0.64,180.30742412308388
0.94,0.65,181.92343974033076
0.94,0.66,183.55210870146146
0.94,0.67,185.19293071201105
0.94,0.68,186.84543262733732
0.94,0.69,188.5091666077372
0.94,0.7,190.1837084198865
0.94,0.71,191.86865587178727
0.94,0.72,193.56362736958963
0.94,0.73,195.2682605857407
0.94,0.74,196.98221122888162
0.94,0.75,198.70515190679586
0.94,0.76,200.43677107451472
0.94,0.77,202.17677206040034
0.94,0.78,203.92487216368275
0.94,0.79,205.68080181751958
0.94,0.8,207.44430381217776
0.94,0.81,209.2151325734236
0.94,0.82,210.99305349164447
0.94,0.83,212.77784229762187
0.94,0.84,214.56928448123682
0.94,0.85,216.36717474971277
0.94,0.86,218.1713165222981
0.94,0.87,219.98152145855656
0.94,0.88,221.79760901768023
0.94,0.89,223.61940604645878
0.94,0.9,225.4467463937372
0.94,0.91,227.27947054938346
0.94,0.92,229.1174253059426
0.94,0.93,230.96046344131955
0.94,0.94,232.80844342095008
0.94,0.95,234.66122911806877
0.94,0.96,236.5186895507709
0.94,0.97,238.38069863469445
0.94,0.98,240.24713495022078
0.94,0.99,242.11788152319212
0.94,1.0,243.992825618225
0.95,0.05,186.10631468025943
0.95,0.06,180.74584041289205
0.95,0.07,175.8125892299199
0.95,0.08,171.2908688429992
0.95,0.09,167.1635723610926
0.95,0.1,163.41255767666945
0.95,0.11,160.01900826575286
0.95,0.12,156.96376214371878
0.95,0.13,154.22760122620966
0.95,0.14,151.79149778149412
0.95,0.15,149.63681786339632
0.95,0.16,147.74548373508006
0.95,0.17,146.10009858942584
0.95,0.18,144.68403758091895
0.95,0.19,143.4815094890924
0.95,0.2,142.47759336142448
0.95,0.21,141.6582543213925
0.95,0.22,141.0103424377309
0.95,0.23,140.52157818139693
0.95,0.24,140.1805275847805
0.95,0.25,139.97656979277008
0.95,0.26,139.89985927966538
0.95,0.27,139.94128461547396
0.95,0.28,140.09242530993467
0.95,0.29,140.34550794810954
0.95,0.3,140.69336255929414
0.95,0.31,141.12937993039174
0.95,0.32,141.64747038307198
0.95,0.33,142.24202437724935
0.95,0.34,142.90787517743604
0.95,0.35,143.6402637190361
0.95,0.36,144.43480573451546
0.95,0.37,145.2874611407902
0.95,0.38,146.19450564575536
0.95,0.39,147.15250450067785
0.95,0.4,148.1582883036961
0.95,0.41,149.20893074581483
0.95,0.42,150.30172818282924
0.95,0.43,151.43418091312722
0.95,0.44,152.60397604120203
0.95,0.45,153.80897180900226
0.95,0.46,155.04718328129886
0.95,0.47,156.31676927643693
0.95,0.48,157.61602043979252
0.95,0.49,158.9433483635956
0.95,0.5,160.2972756633034
0.95,0.51,161.67642692720298
0.95,0.52,163.07952046227655
0.95,0.53,164.50536076547962
0.95,0.54,165.95283165540724
0.95,0.55,167.4208900048057
0.95,0.56,168.90856001952974
0.95,0.57,170.4149280143184
0.95,0.58,171.9391376401914
0.95,0.59,173.4803855223348
0.95,0.6,175.0379172711008
0.95,0.61,176.61102383216834
0.95,0.62,178.19903814504883
0.95,0.63,179.80133208198254
0.95,0.64,181.41731364186776
0.95,0.65,183.04642437623835
0.95,0.66,184.68813702644604
0.95,0.67,186.3419533531621
0.95,0.68,188.00740214106938
0.95,0.69,189.68403736322685
0.95,0.7,191.37143649102822
0.95,0.71,193.06919893699882
0.95,0.72,194.7769446188451
0.95,0.73,196.4943126342665
0.95,0.74,198.220960036989
0.95,0.75,199.95656070537254
0.95,0.76,201.70080429572982
0.95,0.77,203.4533952732197
0.95,0.78,205.2140520138217
0.95,0.79,206.98250597148865
0.95,0.8,208.7585009051095
0.95,0.81,210.54179216038946
0.95,0.82,212.3321460021987
0.95,0.83,214.12933899332634
0.95,0.84,215.9331574159446
0.95,0.85,217.74339673240362
0.95,0.86,219.55986108227646
0.95,0.87,221.38236281283932
0.95,0.88,223.21072204041252
0.95,0.89,225.04476624021135
0.95,0.9,226.88432986254887
0.95,0.91,228.72925397342485
0.95,0.92,230.57938591768595
0.95,0.93,232.43457900310472
0.95,0.94,234.29469220385616
0.95,0.95,236.15958988199228
0.95,0.96,238.02914152563588
0.95,0.97,239.90322150270913
0.95,0.98,241.7817088291144
0.95,0.99,243.66448695036803
0.95,1.0,245.5514435357613
